domain,country,prompt_method,respondent_id,EXT1_para,EXT2_para,EST1_para,EST2_para,AGR1_para,AGR2_para,CSN1_para,CSN2_para,OPN1_para,OPN2_para
bigfive,Australia,opencharacter,0,4,4,4,4,4,4,4,4,4,4
bigfive,Australia,opencharacter,1,4,3,4,4,4,4,4,4,4,4
bigfive,Australia,opencharacter,2,4,3,4,4,4,4,4,4,4,4
bigfive,Australia,opencharacter,3,4,3,4,4,3,4,4,4,5,4
bigfive,Australia,opencharacter,4,4,4,4,4,4,4,4,4,4,4
bigfive,Australia,opencharacter,5,3,3,4,4,4,4,4,4,5,4
bigfive,Australia,opencharacter,6,4,3,4,4,4,4,4,4,4,4
bigfive,Australia,opencharacter,7,4,3,4,4,3,4,4,3,4,4
bigfive,Australia,opencharacter,8,4,3,4,4,4,4,4,4,4,4
bigfive,Australia,opencharacter,9,4,3,4,4,3,4,4,4,4,4
bigfive,Australia,opencharacter,10,4,4,4,4,4,4,4,4,4,4
bigfive,Australia,opencharacter,11,3,3,3,4,4,4,4,4,4,4
bigfive,Australia,opencharacter,12,4,3,3,4,4,4,4,4,4,4
bigfive,Australia,opencharacter,13,4,3,4,4,4,4,4,4,4,4
bigfive,Australia,opencharacter,14,4,3,4,4,4,4,4,4,4,4
bigfive,Australia,opencharacter,15,4,3,3,4,4,4,4,4,4,4
bigfive,Australia,opencharacter,16,4,3,4,4,4,4,4,4,4,4
bigfive,Australia,opencharacter,17,3,3,4,4,3,4,5,4,4,4
bigfive,Australia,opencharacter,18,4,4,4,4,3,4,4,4,4,4
bigfive,Australia,opencharacter,19,3,3,4,4,4,4,4,4,4,4
bigfive,Australia,opencharacter,20,3,4,4,4,4,4,4,4,4,4
bigfive,Australia,opencharacter,21,4,3,4,4,3,4,4,4,4,4
bigfive,Australia,opencharacter,22,4,4,4,4,4,4,4,4,4,4
bigfive,Australia,opencharacter,23,4,3,4,4,4,4,4,4,4,4
bigfive,Australia,opencharacter,24,4,4,4,4,4,4,4,4,4,4
bigfive,Australia,opencharacter,25,4,3,4,4,4,4,4,4,4,4
bigfive,Australia,opencharacter,26,4,3,4,4,4,4,4,4,4,4
bigfive,Australia,opencharacter,27,4,4,4,4,4,4,4,4,4,4
bigfive,Australia,opencharacter,28,4,3,3,4,4,4,4,4,5,4
bigfive,Australia,opencharacter,29,4,3,4,4,4,4,4,4,4,4
bigfive,Australia,opencharacter,30,4,4,4,4,4,4,4,4,4,4
bigfive,Australia,opencharacter,31,4,3,4,4,4,4,4,4,4,4
bigfive,Australia,opencharacter,32,4,3,3,4,4,4,4,4,4,4
bigfive,Australia,opencharacter,33,4,3,4,4,4,4,4,3,4,4
bigfive,Australia,opencharacter,34,4,4,4,4,4,4,4,4,4,4
bigfive,Australia,opencharacter,35,4,3,4,4,4,4,4,4,4,4
bigfive,Australia,opencharacter,36,4,3,4,4,4,4,4,4,4,4
bigfive,Australia,opencharacter,37,3,3,4,4,4,4,4,4,4,4
bigfive,Australia,opencharacter,38,4,3,4,4,4,4,4,4,4,4
bigfive,Australia,opencharacter,39,4,3,4,4,4,4,4,4,4,4
bigfive,Australia,opencharacter,40,4,3,4,4,4,4,4,4,4,4
bigfive,Australia,opencharacter,41,4,4,4,4,4,4,4,4,4,4
bigfive,Australia,opencharacter,42,4,3,4,4,4,4,4,4,4,4
bigfive,Australia,opencharacter,43,4,3,4,4,4,4,4,4,4,4
bigfive,Australia,opencharacter,44,3,4,4,4,4,4,4,4,4,4
bigfive,Australia,opencharacter,45,3,4,4,4,4,4,4,4,4,4
bigfive,Australia,opencharacter,46,4,3,4,4,4,4,4,4,4,4
bigfive,Australia,opencharacter,47,4,3,4,4,4,4,4,3,4,4
bigfive,Australia,opencharacter,48,4,3,4,4,5,4,4,4,4,4
bigfive,Australia,opencharacter,49,4,3,4,4,4,4,4,4,4,4
bigfive,Australia,opencharacter,50,4,3,4,4,3,4,4,4,4,4
bigfive,Australia,opencharacter,51,4,3,4,4,4,4,4,4,4,4
bigfive,Australia,opencharacter,52,4,3,4,4,4,4,5,4,4,4
bigfive,Australia,opencharacter,53,4,4,4,4,4,4,4,4,4,4
bigfive,Australia,opencharacter,54,4,3,4,4,4,4,4,4,4,4
bigfive,Australia,opencharacter,55,4,3,4,4,4,4,4,4,4,4
bigfive,Australia,opencharacter,56,4,4,4,4,4,4,4,4,4,4
bigfive,Australia,opencharacter,57,4,4,4,4,4,4,4,4,4,4
bigfive,Australia,opencharacter,58,4,3,4,4,4,4,4,4,4,4
bigfive,Australia,opencharacter,59,4,4,4,4,4,4,4,4,4,4
bigfive,Australia,opencharacter,60,4,3,4,4,4,4,4,4,4,4
bigfive,Australia,opencharacter,61,4,4,4,4,4,4,4,4,4,4
bigfive,Australia,opencharacter,62,4,4,4,4,4,4,4,4,4,4
bigfive,Australia,opencharacter,63,4,4,3,4,4,4,4,4,4,4
bigfive,Australia,opencharacter,64,4,3,4,4,4,4,4,4,4,4
bigfive,Australia,opencharacter,65,3,3,4,4,4,4,4,4,4,4
bigfive,Australia,opencharacter,66,4,4,4,4,4,4,4,4,5,4
bigfive,Australia,opencharacter,67,4,3,4,4,4,4,4,4,4,4
bigfive,Australia,opencharacter,68,4,4,4,4,4,4,4,4,4,4
bigfive,Australia,opencharacter,69,4,3,4,4,4,4,4,4,4,4
bigfive,Australia,opencharacter,70,4,4,4,4,4,4,4,4,4,4
bigfive,Australia,opencharacter,71,4,4,4,4,4,4,4,4,4,4
bigfive,Australia,opencharacter,72,4,3,4,4,4,4,4,4,4,4
bigfive,Australia,opencharacter,73,4,4,4,4,4,4,4,4,4,4
bigfive,Australia,opencharacter,74,3,4,4,4,4,4,4,4,4,4
bigfive,Australia,opencharacter,75,4,3,3,4,4,4,4,4,4,4
bigfive,Australia,opencharacter,76,4,4,4,4,4,4,4,3,4,4
bigfive,Australia,opencharacter,77,4,3,4,4,4,4,4,4,5,4
bigfive,Australia,opencharacter,78,4,4,3,4,4,4,4,4,4,4
bigfive,Australia,opencharacter,79,4,4,4,4,4,4,4,4,4,4
bigfive,Australia,opencharacter,80,4,3,4,4,4,4,4,4,4,4
bigfive,Australia,opencharacter,81,4,3,4,4,4,4,4,4,4,4
bigfive,Australia,opencharacter,82,4,3,4,4,4,4,4,4,4,4
bigfive,Australia,opencharacter,83,4,3,4,4,4,4,4,4,4,4
bigfive,Australia,opencharacter,84,4,3,4,4,4,4,4,4,4,4
bigfive,Australia,opencharacter,85,3,3,4,4,4,4,4,4,4,4
bigfive,Australia,opencharacter,86,4,4,4,4,4,4,4,4,4,4
bigfive,Australia,opencharacter,87,4,3,4,4,4,4,4,4,4,4
bigfive,Australia,opencharacter,88,4,3,4,4,4,4,4,4,4,4
bigfive,Australia,opencharacter,89,4,3,4,4,3,4,4,4,4,4
bigfive,Australia,opencharacter,90,4,3,4,4,3,4,4,4,4,4
bigfive,Australia,opencharacter,91,4,4,4,4,4,4,4,4,4,4
bigfive,Australia,opencharacter,92,4,3,4,4,4,4,4,4,4,4
bigfive,Australia,opencharacter,93,4,3,4,4,4,4,4,4,4,4
bigfive,Australia,opencharacter,94,4,4,4,4,3,4,4,4,4,4
bigfive,Australia,opencharacter,95,4,4,4,4,4,4,4,4,4,4
bigfive,Australia,opencharacter,96,4,4,4,4,4,4,4,4,4,4
bigfive,Australia,opencharacter,97,3,4,4,4,3,4,4,4,4,4
bigfive,Australia,opencharacter,98,4,4,4,4,4,4,4,4,4,4
bigfive,Australia,opencharacter,99,4,4,4,4,4,4,4,4,4,4
bigfive,Australia,opencharacter,100,4,4,4,4,4,4,4,4,4,4
bigfive,Australia,opencharacter,101,4,3,4,4,4,4,4,4,4,4
bigfive,Australia,opencharacter,102,3,3,4,4,4,4,4,4,4,4
bigfive,Australia,opencharacter,103,4,4,4,4,4,4,4,4,4,4
bigfive,Australia,opencharacter,104,4,3,3,4,4,4,4,4,4,4
bigfive,Australia,opencharacter,105,4,3,4,4,4,4,5,4,4,4
bigfive,Australia,opencharacter,106,4,3,4,4,4,4,4,4,4,4
bigfive,Australia,opencharacter,107,4,3,4,4,4,4,4,4,4,4
bigfive,Australia,opencharacter,108,4,4,4,4,4,4,4,4,4,4
bigfive,Australia,opencharacter,109,4,3,4,4,4,4,4,4,4,4
bigfive,Australia,opencharacter,110,4,3,4,4,4,4,4,4,4,4
bigfive,Australia,opencharacter,111,4,3,4,4,5,4,4,4,4,4
bigfive,Australia,opencharacter,112,4,3,4,4,4,4,4,3,4,4
bigfive,Australia,opencharacter,113,4,4,4,4,4,4,4,4,5,4
bigfive,Australia,opencharacter,114,4,3,4,4,3,4,4,4,4,4
bigfive,Australia,opencharacter,115,4,4,4,4,3,4,4,4,4,4
bigfive,Australia,opencharacter,116,4,3,4,4,4,4,4,4,4,4
bigfive,Australia,opencharacter,117,4,3,4,4,4,4,4,4,4,4
bigfive,Australia,opencharacter,118,4,3,4,4,4,4,4,4,4,4
bigfive,Australia,opencharacter,119,4,3,4,4,4,4,4,4,4,4
bigfive,Australia,opencharacter,120,4,3,4,4,4,4,4,3,4,4
bigfive,Australia,opencharacter,121,4,3,4,4,4,4,4,3,4,4
bigfive,Australia,opencharacter,122,3,3,4,4,4,4,4,4,4,4
bigfive,Australia,opencharacter,123,4,3,4,5,3,4,4,4,4,4
bigfive,Australia,opencharacter,124,3,3,3,4,4,4,4,4,4,4
bigfive,Australia,opencharacter,125,4,4,4,4,4,4,4,4,4,4
bigfive,Australia,opencharacter,126,3,4,4,4,3,4,4,4,4,4
bigfive,Australia,opencharacter,127,4,3,4,4,4,4,4,4,4,4
bigfive,Australia,opencharacter,128,4,3,4,4,4,4,4,4,4,4
bigfive,Australia,opencharacter,129,3,3,4,4,3,4,4,4,4,4
bigfive,Australia,opencharacter,130,4,3,4,4,4,4,4,4,4,4
bigfive,Australia,opencharacter,131,4,3,4,4,4,4,4,4,4,4
bigfive,Australia,opencharacter,132,4,3,4,4,3,4,4,4,4,4
bigfive,Australia,opencharacter,133,4,4,4,4,4,4,4,3,4,4
bigfive,Australia,opencharacter,134,4,4,4,4,4,4,4,4,4,4
bigfive,Australia,opencharacter,135,4,3,4,4,4,4,4,4,4,4
bigfive,Australia,opencharacter,136,4,3,4,4,4,4,4,4,4,4
bigfive,Australia,opencharacter,137,4,3,4,4,4,4,4,4,4,4
bigfive,Australia,opencharacter,138,3,3,4,4,4,4,4,4,4,4
bigfive,Australia,opencharacter,139,4,3,3,4,4,4,4,3,4,4
bigfive,Australia,opencharacter,140,4,3,4,4,4,4,4,4,4,4
bigfive,Australia,opencharacter,141,4,3,4,4,4,4,4,4,4,4
bigfive,Australia,opencharacter,142,4,3,4,4,4,4,4,4,4,4
bigfive,Australia,opencharacter,143,4,3,4,4,4,4,4,4,4,4
bigfive,Australia,opencharacter,144,4,4,4,4,4,4,4,4,4,4
bigfive,Australia,opencharacter,145,4,3,4,4,4,4,4,4,4,4
bigfive,Australia,opencharacter,146,4,3,4,4,4,4,4,4,4,4
bigfive,Australia,opencharacter,147,3,3,4,4,4,4,4,4,4,4
bigfive,Australia,opencharacter,148,4,3,4,4,4,4,4,4,4,4
bigfive,Australia,opencharacter,149,4,4,4,4,4,4,4,4,4,4
bigfive,Australia,opencharacter,150,4,4,4,4,4,4,4,4,4,4
bigfive,Australia,opencharacter,151,4,3,4,4,4,4,4,4,4,4
bigfive,Australia,opencharacter,152,4,4,4,4,4,4,4,4,4,4
bigfive,Australia,opencharacter,153,3,3,4,4,4,4,4,4,4,4
bigfive,Australia,opencharacter,154,4,4,4,4,4,4,4,4,4,4
bigfive,Australia,opencharacter,155,4,3,4,4,4,4,4,4,4,4
bigfive,Australia,opencharacter,156,4,3,4,4,4,4,4,4,4,4
bigfive,Australia,opencharacter,157,4,3,4,4,4,4,4,4,4,4
bigfive,Australia,opencharacter,158,4,3,4,4,3,4,4,4,4,4
bigfive,Australia,opencharacter,159,4,3,4,4,4,4,4,4,4,4
bigfive,Australia,opencharacter,160,4,4,4,4,4,4,4,4,4,4
bigfive,Australia,opencharacter,161,3,3,4,4,3,4,4,4,4,4
bigfive,Australia,opencharacter,162,4,3,4,4,4,4,4,4,4,4
bigfive,Australia,opencharacter,163,4,3,4,4,4,4,4,4,4,4
bigfive,Australia,opencharacter,164,4,3,4,4,4,4,4,4,4,4
bigfive,Australia,opencharacter,165,4,4,4,4,4,4,4,4,4,4
bigfive,Australia,opencharacter,166,4,3,3,4,3,4,4,4,4,4
bigfive,Australia,opencharacter,167,4,2,4,4,4,4,4,4,4,4
bigfive,Australia,opencharacter,168,4,3,4,4,4,4,4,4,4,4
bigfive,Australia,opencharacter,169,4,3,4,4,4,4,4,4,4,4
bigfive,Australia,opencharacter,170,4,3,4,5,3,4,4,4,4,4
bigfive,Australia,opencharacter,171,4,3,4,4,4,4,4,4,4,4
bigfive,Australia,opencharacter,172,4,3,4,4,4,4,4,4,4,4
bigfive,Australia,opencharacter,173,3,3,3,4,4,4,4,4,4,4
bigfive,Australia,opencharacter,174,4,3,4,4,4,4,4,4,4,4
bigfive,Australia,opencharacter,175,4,3,4,4,4,4,4,4,4,4
bigfive,Australia,opencharacter,176,4,3,4,4,3,4,4,4,4,4
bigfive,Australia,opencharacter,177,4,4,4,4,4,4,4,4,4,4
bigfive,Australia,opencharacter,178,4,4,4,4,4,4,4,4,4,4
bigfive,Australia,opencharacter,179,4,3,4,4,4,4,4,4,4,4
bigfive,Australia,opencharacter,180,4,4,4,4,4,4,5,4,4,4
bigfive,Australia,opencharacter,181,4,3,4,4,4,4,4,4,4,4
bigfive,Australia,opencharacter,182,4,3,4,4,4,4,4,4,4,4
bigfive,Australia,opencharacter,183,3,4,4,4,3,4,4,4,4,4
bigfive,Australia,opencharacter,184,3,3,3,4,4,4,4,4,5,4
bigfive,Australia,opencharacter,185,4,4,4,4,4,4,4,4,4,4
bigfive,Australia,opencharacter,186,4,4,4,4,4,4,4,4,4,4
bigfive,Australia,opencharacter,187,4,4,4,4,4,4,4,4,4,4
bigfive,Australia,opencharacter,188,4,4,3,4,4,4,5,4,4,4
bigfive,Australia,opencharacter,189,4,3,4,4,4,4,4,4,4,4
bigfive,Australia,opencharacter,190,4,3,4,4,4,4,4,4,4,4
bigfive,Australia,opencharacter,191,4,4,4,4,4,4,4,4,4,4
bigfive,Australia,opencharacter,192,4,3,4,4,4,4,4,4,4,4
bigfive,Australia,opencharacter,193,4,3,4,4,4,4,4,4,4,4
bigfive,Australia,opencharacter,194,4,3,4,4,4,4,4,4,4,4
bigfive,Australia,opencharacter,195,4,4,4,4,4,4,4,4,4,4
bigfive,Australia,opencharacter,196,3,3,4,4,3,4,4,4,4,4
bigfive,Australia,opencharacter,197,4,4,4,4,3,4,4,4,4,4
bigfive,Australia,opencharacter,198,4,4,4,4,4,4,4,3,4,4
bigfive,Australia,opencharacter,199,4,4,4,4,4,4,4,3,4,4
bigfive,Australia,opencharacter,200,4,3,4,4,4,4,4,4,4,4
bigfive,Australia,opencharacter,201,4,3,4,4,4,4,4,4,4,4
bigfive,Australia,opencharacter,202,4,4,4,4,4,4,4,4,4,4
bigfive,Australia,opencharacter,203,4,3,4,4,4,4,4,4,4,4
bigfive,Australia,opencharacter,204,4,3,4,4,5,4,4,4,4,4
bigfive,Australia,opencharacter,205,4,3,4,4,4,4,4,4,4,4
bigfive,Australia,opencharacter,206,4,4,4,4,3,4,4,4,4,4
bigfive,Australia,opencharacter,207,4,3,4,4,4,4,4,4,4,4
bigfive,Australia,opencharacter,208,4,3,4,4,4,4,4,4,4,4
bigfive,Australia,opencharacter,209,4,3,4,5,4,4,4,4,4,4
bigfive,Australia,opencharacter,210,4,3,4,4,4,4,4,4,4,4
bigfive,Australia,opencharacter,211,4,3,4,4,3,4,4,4,4,4
bigfive,Australia,opencharacter,212,4,3,4,4,4,4,4,4,5,4
bigfive,Australia,opencharacter,213,4,3,4,4,4,4,4,4,4,4
bigfive,Australia,opencharacter,214,3,3,3,4,4,4,4,4,4,4
bigfive,Australia,opencharacter,215,4,3,3,4,4,4,4,4,5,4
bigfive,Australia,opencharacter,216,4,4,4,4,4,4,4,4,4,4
bigfive,Australia,opencharacter,217,4,3,4,4,4,4,4,3,5,4
bigfive,Australia,opencharacter,218,4,3,4,4,4,4,4,4,4,4
bigfive,Australia,opencharacter,219,4,3,3,4,4,4,4,4,4,4
bigfive,Australia,opencharacter,220,4,3,4,4,4,4,5,4,5,4
bigfive,Australia,opencharacter,221,4,3,4,4,4,4,4,4,4,4
bigfive,Australia,opencharacter,222,4,4,4,4,4,4,4,4,4,4
bigfive,Australia,opencharacter,223,4,3,4,4,3,4,4,4,4,4
bigfive,Australia,opencharacter,224,3,3,4,4,4,4,4,4,4,4
bigfive,Australia,opencharacter,225,3,3,4,4,4,4,4,4,4,4
bigfive,Australia,opencharacter,226,4,3,4,4,4,4,4,3,4,4
bigfive,Australia,opencharacter,227,3,3,4,4,4,4,5,4,4,4
bigfive,Australia,opencharacter,228,4,3,4,4,4,4,5,4,4,4
bigfive,Australia,opencharacter,229,4,3,4,4,4,4,4,4,4,4
bigfive,Australia,opencharacter,230,4,4,4,4,4,4,4,3,4,4
bigfive,Australia,opencharacter,231,4,3,4,4,4,4,5,4,4,4
bigfive,Australia,opencharacter,232,4,3,4,4,4,4,4,4,4,4
bigfive,Australia,opencharacter,233,3,4,4,4,3,4,4,4,4,4
bigfive,Australia,opencharacter,234,4,3,4,4,4,4,4,4,4,4
bigfive,Australia,opencharacter,235,4,4,4,4,4,4,4,4,4,4
bigfive,Australia,opencharacter,236,4,3,4,4,4,4,4,4,5,4
bigfive,Australia,opencharacter,237,4,3,4,4,4,4,4,4,4,4
bigfive,Australia,opencharacter,238,4,4,4,4,4,4,4,4,4,4
bigfive,Australia,opencharacter,239,4,3,4,4,4,4,4,4,4,4
bigfive,Australia,opencharacter,240,4,3,4,4,4,4,5,4,5,4
bigfive,Australia,opencharacter,241,4,3,4,4,4,4,4,4,4,4
bigfive,Australia,opencharacter,242,4,4,3,4,4,4,4,4,4,4
bigfive,Australia,opencharacter,243,4,4,4,4,5,4,4,4,4,4
bigfive,Australia,opencharacter,244,3,3,4,4,3,4,4,4,4,4
bigfive,Australia,opencharacter,245,4,3,4,4,4,4,4,4,4,4
bigfive,Australia,opencharacter,246,4,3,4,4,4,4,4,4,4,4
bigfive,Australia,opencharacter,247,4,4,3,4,4,4,4,4,4,4
bigfive,Australia,opencharacter,248,4,4,4,4,4,4,4,3,4,4
bigfive,Australia,opencharacter,249,4,4,4,4,4,4,4,4,4,4
bigfive,Australia,opencharacter,250,4,3,4,4,4,4,4,4,4,4
bigfive,Australia,opencharacter,251,3,3,4,4,4,4,4,4,4,4
bigfive,Australia,opencharacter,252,4,3,4,4,4,4,4,4,4,4
bigfive,Australia,opencharacter,253,4,3,4,4,4,4,4,4,4,4
bigfive,Australia,opencharacter,254,4,3,4,5,4,4,4,4,5,4
bigfive,Australia,opencharacter,255,4,3,4,4,4,4,4,4,4,4
bigfive,Australia,opencharacter,256,4,3,4,4,4,4,4,4,4,4
bigfive,Australia,opencharacter,257,4,3,4,4,4,4,4,4,4,4
bigfive,Australia,opencharacter,258,4,3,3,4,4,4,4,4,4,4
bigfive,Australia,opencharacter,259,4,3,3,4,4,4,4,4,4,4
bigfive,Australia,opencharacter,260,4,3,4,4,4,4,4,4,4,4
bigfive,Australia,opencharacter,261,4,3,4,4,3,4,4,3,4,4
bigfive,Australia,opencharacter,262,4,4,4,4,4,4,4,4,4,4
bigfive,Australia,opencharacter,263,4,3,4,4,4,4,5,4,4,4
bigfive,Australia,opencharacter,264,4,3,4,4,5,4,4,4,4,4
bigfive,Australia,opencharacter,265,4,3,4,4,4,4,4,4,4,4
bigfive,Australia,opencharacter,266,4,3,4,4,4,4,4,4,4,4
bigfive,Australia,opencharacter,267,4,4,4,4,4,4,4,4,4,4
bigfive,Australia,opencharacter,268,4,4,4,4,4,4,4,4,4,4
bigfive,Australia,opencharacter,269,4,3,4,4,4,4,5,4,4,4
bigfive,Australia,opencharacter,270,4,3,4,4,4,4,4,4,4,4
bigfive,Australia,opencharacter,271,3,3,4,4,4,4,4,4,4,4
bigfive,Australia,opencharacter,272,4,3,4,4,4,4,4,4,4,4
bigfive,Australia,opencharacter,273,3,4,4,4,4,4,4,4,4,4
bigfive,Australia,opencharacter,274,4,3,4,4,4,4,4,4,4,4
bigfive,Australia,opencharacter,275,4,3,4,4,4,4,4,4,4,4
bigfive,Australia,opencharacter,276,4,3,4,4,4,4,4,4,4,4
bigfive,Australia,opencharacter,277,3,3,4,4,4,4,5,4,4,4
bigfive,Australia,opencharacter,278,4,3,4,4,4,4,4,3,4,4
bigfive,Australia,opencharacter,279,4,3,4,4,4,4,4,4,4,4
bigfive,Australia,opencharacter,280,4,3,4,4,4,4,4,4,4,4
bigfive,Australia,opencharacter,281,3,3,4,4,4,4,4,4,4,4
bigfive,Australia,opencharacter,282,4,3,3,4,4,4,4,4,4,4
bigfive,Australia,opencharacter,283,4,3,4,4,4,4,4,3,4,4
bigfive,Australia,opencharacter,284,3,3,4,4,4,4,4,4,5,4
bigfive,Australia,opencharacter,285,4,3,4,4,4,4,4,4,5,4
bigfive,Australia,opencharacter,286,4,3,4,4,4,4,4,4,4,4
bigfive,Australia,opencharacter,287,3,3,4,4,4,4,4,4,4,4
bigfive,Australia,opencharacter,288,4,3,4,4,4,4,4,4,5,4
bigfive,Australia,opencharacter,289,4,3,4,4,4,4,4,4,4,4
bigfive,Australia,opencharacter,290,4,3,4,4,4,4,4,4,4,4
bigfive,Australia,opencharacter,291,3,3,4,4,4,4,4,4,4,4
bigfive,Australia,opencharacter,292,4,3,4,4,4,4,4,4,4,4
bigfive,Australia,opencharacter,293,4,3,4,4,4,4,4,4,4,4
bigfive,Australia,opencharacter,294,4,3,4,4,4,4,4,4,4,4
bigfive,Australia,opencharacter,295,4,3,4,4,4,4,4,4,4,4
bigfive,Australia,opencharacter,296,4,3,4,4,3,4,4,4,4,4
bigfive,Australia,opencharacter,297,4,4,4,4,4,4,4,4,4,4
bigfive,Australia,opencharacter,298,4,3,4,4,4,4,4,4,4,4
bigfive,Australia,opencharacter,299,4,4,3,4,4,4,4,4,4,4
