domain,country,prompt_method,respondent_id,EXT1,EXT2,EXT3,EXT4,EXT5,EXT6,EXT7,EXT8,EXT9,EXT10,EST1,EST2,EST3,EST4,EST5,EST6,EST7,EST8,EST9,EST10,AGR1,AGR2,AGR3,AGR4,AGR5,AGR6,AGR7,AGR8,AGR9,AGR10,CSN1,CSN2,CSN3,CSN4,CSN5,CSN6,CSN7,CSN8,CSN9,CSN10,OPN1,OPN2,OPN3,OPN4,OPN5,OPN6,OPN7,OPN8,OPN9,OPN10
bigfive,India,opencharacter,0,3,4,4,2,4,4,3,4,4,4,4,4,4,4,4,4,4,3,4,4,3,5,5,4,4,5,3,4,4,4,4,4,4,4,4,4,4,5,4,4,4,4,4,2,4,4,4,4,4,4
bigfive,India,opencharacter,1,3,3,4,2,4,5,3,4,4,4,4,4,4,4,4,4,4,3,4,4,3,5,5,4,4,5,3,4,4,4,4,2,4,3,3,3,4,5,4,4,3,4,4,2,4,5,4,3,4,4
bigfive,India,opencharacter,2,3,3,4,2,4,4,4,4,4,4,3,4,4,4,4,4,4,3,4,4,4,4,5,4,4,5,3,4,4,4,4,4,4,4,3,4,4,5,4,4,4,4,4,2,4,5,4,4,4,4
bigfive,India,opencharacter,3,3,4,4,2,4,5,4,4,4,4,4,4,4,4,4,4,4,4,4,4,4,5,5,4,4,5,3,4,4,4,4,4,4,4,4,4,4,5,4,4,4,4,4,2,4,5,4,4,4,4
bigfive,India,opencharacter,4,3,4,4,3,4,4,3,4,4,3,4,4,4,4,4,4,4,3,4,4,3,4,5,4,4,4,3,4,4,4,4,2,4,4,4,4,4,5,4,4,3,4,3,2,4,4,4,3,4,3
bigfive,India,opencharacter,5,3,4,4,2,4,4,4,4,4,4,4,4,4,4,4,4,4,3,4,4,4,4,5,4,4,5,3,4,4,4,4,2,4,4,4,4,4,5,4,4,4,4,4,2,4,4,4,4,4,4
bigfive,India,opencharacter,6,3,4,4,2,4,5,4,4,4,4,4,4,4,4,4,4,4,3,4,3,4,5,5,5,4,5,3,4,4,4,4,2,4,4,4,3,4,5,4,4,4,4,4,2,4,5,4,4,4,4
bigfive,India,opencharacter,7,3,3,4,4,4,5,3,4,4,4,4,4,4,4,4,4,4,3,4,4,3,5,5,4,4,5,3,4,4,4,4,2,4,4,4,4,4,5,4,4,4,4,4,2,4,5,4,4,5,4
bigfive,India,opencharacter,8,3,4,4,2,4,4,4,4,4,4,4,4,4,4,4,4,4,4,4,4,4,4,5,4,4,5,3,4,4,4,4,2,4,4,4,3,4,5,4,4,4,4,4,2,4,4,4,4,4,4
bigfive,India,opencharacter,9,3,4,4,2,4,5,4,4,4,4,4,4,4,4,4,4,4,4,4,4,4,4,5,4,4,5,4,4,4,4,4,2,4,4,4,4,4,5,4,4,4,4,4,2,4,4,4,3,4,4
bigfive,India,opencharacter,10,3,2,4,2,4,4,4,4,4,3,4,4,4,4,4,4,3,4,4,4,4,4,5,4,4,4,3,4,4,3,4,2,4,4,4,4,4,5,4,3,4,4,3,2,3,4,4,4,4,3
bigfive,India,opencharacter,11,3,4,4,5,4,5,3,4,4,4,4,4,4,4,4,4,4,3,4,4,3,5,5,5,4,5,3,5,4,5,4,3,4,4,4,4,4,5,4,4,4,4,4,2,4,5,4,3,4,4
bigfive,India,opencharacter,12,3,4,4,4,4,4,4,4,4,4,4,4,4,4,4,4,4,4,4,4,4,4,5,4,4,5,3,4,4,4,4,4,4,4,4,4,4,5,4,4,4,4,4,2,4,4,4,4,4,4
bigfive,India,opencharacter,13,3,4,4,3,4,4,4,4,4,4,4,4,4,4,4,4,4,4,4,4,3,5,5,4,4,5,3,4,4,4,4,2,4,3,3,4,4,5,4,4,4,4,4,2,4,5,4,4,4,4
bigfive,India,opencharacter,14,3,4,4,4,4,5,4,4,4,4,4,4,4,4,4,4,4,3,4,4,4,4,5,4,4,5,4,4,4,4,4,4,4,4,4,4,4,5,4,4,4,4,4,2,4,4,4,4,4,4
bigfive,India,opencharacter,15,3,2,4,3,3,4,3,4,4,4,4,4,4,4,4,4,4,3,4,4,3,5,5,5,4,5,3,4,4,4,4,3,4,3,4,4,4,5,4,4,4,4,4,2,4,4,4,4,4,4
bigfive,India,opencharacter,16,3,3,4,2,4,5,3,4,4,4,3,4,4,4,4,3,4,3,4,4,3,5,5,4,4,5,3,4,4,4,4,2,4,4,4,4,4,5,4,4,4,4,4,2,4,4,4,4,4,4
bigfive,India,opencharacter,17,3,4,4,3,3,4,3,4,4,4,4,4,4,4,4,4,4,3,4,4,3,5,5,4,4,5,3,4,4,4,4,2,4,4,4,3,4,5,4,4,4,4,4,2,4,5,4,4,4,4
bigfive,India,opencharacter,18,3,2,4,2,4,4,4,4,4,4,4,4,4,4,4,4,4,3,4,4,3,4,5,4,4,4,4,4,4,4,4,2,3,4,3,4,4,5,4,3,3,4,4,2,4,4,4,3,4,3
bigfive,India,opencharacter,19,3,3,4,4,4,5,4,4,4,4,4,4,4,4,4,3,4,3,4,4,3,5,5,5,4,5,3,4,4,4,4,2,4,4,4,4,5,5,4,5,4,4,4,2,4,5,5,4,4,4
bigfive,India,opencharacter,20,3,4,4,3,3,5,4,4,4,4,4,4,4,4,3,4,4,3,4,4,3,5,5,5,4,5,3,4,4,4,4,2,4,4,4,4,5,5,4,4,4,4,4,2,4,4,4,4,4,4
bigfive,India,opencharacter,21,3,3,4,4,4,4,4,4,4,3,4,4,4,4,4,4,4,4,4,4,4,4,5,4,4,5,4,4,4,4,4,4,4,4,4,4,4,5,4,4,4,4,4,2,4,5,4,4,4,4
bigfive,India,opencharacter,22,3,4,4,2,3,5,3,3,4,4,4,4,4,4,4,4,4,3,4,4,3,4,5,4,4,5,3,4,3,4,4,2,4,4,4,4,4,5,4,4,3,4,4,2,4,4,4,4,4,4
bigfive,India,opencharacter,23,3,4,4,3,4,5,4,4,4,4,4,4,4,4,4,4,4,3,4,4,4,4,5,4,4,4,4,4,4,4,4,4,4,4,4,4,4,5,4,4,4,4,4,2,4,5,4,4,4,4
bigfive,India,opencharacter,24,3,4,4,3,4,4,4,4,4,4,4,4,4,4,4,4,4,4,4,4,4,4,5,4,4,4,3,4,4,4,4,2,4,4,4,4,4,5,4,4,4,4,4,2,4,4,5,4,4,4
bigfive,India,opencharacter,25,3,2,4,2,4,4,3,4,4,4,4,4,4,4,4,3,3,3,4,4,4,4,5,4,4,4,3,4,4,4,4,4,4,4,3,4,4,5,4,4,4,4,4,2,4,4,4,4,4,4
bigfive,India,opencharacter,26,3,4,4,3,3,5,3,4,4,4,4,4,4,4,4,3,4,4,4,4,3,5,5,4,4,5,4,4,4,4,4,2,4,4,4,4,4,5,4,4,4,4,4,2,4,4,4,4,4,4
bigfive,India,opencharacter,27,3,3,4,2,4,4,3,4,4,4,3,4,4,4,4,4,4,4,3,4,4,4,5,4,4,5,3,4,4,4,4,4,4,3,4,4,4,5,4,4,4,4,4,2,4,4,4,4,4,4
bigfive,India,opencharacter,28,3,3,4,3,4,5,4,4,4,4,4,4,4,4,4,3,4,3,4,3,4,5,5,5,4,5,4,5,4,4,4,3,4,3,4,4,4,5,4,4,4,4,4,2,4,5,4,3,4,4
bigfive,India,opencharacter,29,3,3,4,3,4,4,4,4,4,4,4,4,4,4,4,4,4,3,4,4,3,5,5,4,4,5,3,4,4,4,4,4,4,4,4,4,4,5,4,4,4,4,4,2,4,4,4,4,4,4
bigfive,India,opencharacter,30,3,4,4,5,4,5,3,4,4,4,4,4,4,4,4,4,4,4,4,4,5,5,5,4,4,5,3,4,4,4,4,2,4,4,4,4,4,5,4,4,4,4,4,2,4,4,4,4,4,4
bigfive,India,opencharacter,31,3,3,4,3,4,5,3,4,4,4,3,4,4,4,3,4,3,4,4,4,4,5,5,5,4,5,3,4,4,4,4,2,4,3,4,4,4,5,4,4,4,4,4,2,4,5,5,4,4,4
bigfive,India,opencharacter,32,3,4,4,3,4,4,4,4,4,3,4,4,4,4,4,4,4,3,4,4,3,5,5,4,4,5,3,4,4,4,4,4,4,4,4,4,4,5,4,4,4,4,4,2,4,4,4,4,4,4
bigfive,India,opencharacter,33,3,4,4,3,4,4,4,4,4,4,4,4,4,4,4,4,4,4,4,4,3,5,5,4,4,5,3,4,4,4,4,4,4,4,4,4,4,5,4,4,4,4,4,2,4,4,4,4,4,4
bigfive,India,opencharacter,34,3,4,4,2,4,4,4,4,4,4,4,4,4,4,4,4,4,3,4,4,3,5,5,4,4,5,3,4,4,4,4,4,4,4,4,4,4,5,4,4,4,4,4,2,4,4,5,3,4,4
bigfive,India,opencharacter,35,3,4,4,4,4,4,4,4,4,4,4,4,4,4,4,4,4,4,4,4,3,4,5,5,4,4,3,4,4,4,4,3,4,3,4,4,5,5,4,4,4,4,4,2,4,5,5,4,4,4
bigfive,India,opencharacter,36,3,2,4,1,4,5,3,4,4,4,4,4,4,4,4,4,4,3,4,4,3,5,5,4,4,5,3,4,4,4,4,2,4,4,4,3,5,5,4,4,4,4,4,2,4,5,4,4,4,4
bigfive,India,opencharacter,37,3,2,4,2,4,4,4,4,4,4,4,4,4,4,4,4,4,4,4,4,4,5,5,4,4,5,3,4,4,4,4,2,4,3,4,4,4,5,4,4,4,4,4,2,4,5,4,4,4,4
bigfive,India,opencharacter,38,3,4,4,2,4,4,4,4,4,4,4,4,4,4,4,4,4,4,4,4,4,4,5,4,4,5,3,4,4,4,4,2,4,3,4,4,4,5,4,4,4,4,4,2,4,4,4,4,4,4
bigfive,India,opencharacter,39,3,4,4,3,4,5,3,4,4,4,3,4,4,4,4,3,4,3,4,4,3,5,5,4,2,5,3,4,4,4,4,3,4,4,4,4,4,5,4,4,4,4,4,2,4,4,4,4,4,4
bigfive,India,opencharacter,40,3,4,4,2,4,4,3,4,4,4,4,4,4,4,4,4,4,4,4,4,4,4,5,4,4,5,3,4,4,4,4,2,4,3,4,4,4,5,4,4,4,4,4,2,4,4,4,4,4,4
bigfive,India,opencharacter,41,3,4,4,2,4,4,3,4,4,4,4,4,4,4,4,4,3,4,4,4,4,4,5,4,4,5,3,4,4,4,4,2,4,4,4,4,4,5,4,4,3,4,4,2,4,4,4,4,4,4
bigfive,India,opencharacter,42,3,3,4,5,4,5,3,4,4,4,4,4,4,4,4,4,4,3,3,4,3,5,5,4,4,5,3,5,4,4,4,2,4,4,4,3,4,5,4,4,4,4,4,2,4,5,4,4,4,4
bigfive,India,opencharacter,43,3,3,4,4,4,5,4,4,4,4,4,4,4,4,4,3,4,4,4,4,3,5,5,4,4,5,3,4,4,4,4,3,4,3,3,4,4,5,4,4,4,4,4,2,4,4,4,4,4,4
bigfive,India,opencharacter,44,3,4,4,3,4,4,4,4,4,4,4,4,4,4,4,4,4,4,4,4,4,4,5,4,4,5,3,4,4,4,4,2,4,4,4,4,4,5,4,4,4,4,4,2,4,4,4,4,4,4
bigfive,India,opencharacter,45,3,4,4,3,4,4,4,4,4,4,4,4,4,4,4,3,4,3,4,4,3,5,5,4,4,5,3,4,4,4,4,2,4,4,4,4,4,5,4,4,4,4,4,2,4,4,4,4,4,4
bigfive,India,opencharacter,46,3,2,4,2,4,4,4,4,4,4,4,4,4,4,4,4,4,4,4,4,4,4,5,4,4,4,3,4,4,4,4,4,4,4,4,4,4,5,4,4,4,4,4,2,4,4,4,4,4,4
bigfive,India,opencharacter,47,3,3,4,3,4,5,4,4,4,4,4,4,4,4,4,4,4,4,4,3,4,5,5,4,4,5,3,4,4,4,4,2,4,4,4,4,4,5,4,4,4,4,4,2,4,5,4,4,5,4
bigfive,India,opencharacter,48,3,3,4,2,4,4,3,4,4,3,4,4,4,4,4,4,4,4,4,4,4,5,5,4,4,5,3,4,4,4,4,2,4,3,4,4,4,5,4,4,4,4,4,3,4,5,4,4,4,4
bigfive,India,opencharacter,49,3,4,4,4,4,4,3,4,4,4,4,4,4,4,4,4,4,4,4,4,3,4,5,4,4,5,3,4,4,4,4,4,4,4,4,4,4,5,4,4,4,4,4,2,4,4,4,4,4,4
bigfive,India,opencharacter,50,3,4,4,4,4,5,4,4,4,4,4,4,4,4,4,4,4,4,4,3,4,5,5,5,4,5,3,4,4,4,4,2,4,4,3,3,4,5,4,4,4,4,4,2,4,5,4,4,4,4
bigfive,India,opencharacter,51,3,4,4,5,3,5,3,4,4,4,4,4,4,4,4,4,4,3,4,4,3,5,5,5,4,5,3,4,4,4,4,2,4,4,3,3,4,5,4,4,4,4,4,2,4,5,4,4,4,4
bigfive,India,opencharacter,52,3,3,4,4,4,5,3,4,5,4,4,4,4,4,4,4,4,4,4,4,4,5,5,5,4,5,3,5,4,4,4,2,4,4,4,4,4,5,4,4,4,4,4,2,4,4,4,4,4,4
bigfive,India,opencharacter,53,3,4,4,2,4,5,3,4,4,4,4,4,4,4,4,4,4,3,4,4,4,4,5,4,2,5,3,4,4,4,4,2,4,4,3,4,4,5,4,4,3,4,3,2,4,4,3,3,4,4
bigfive,India,opencharacter,54,3,4,4,3,4,5,4,4,4,4,4,4,4,5,4,4,4,3,4,4,5,5,5,5,4,5,3,4,4,4,4,2,4,4,4,4,4,5,4,4,4,4,4,2,4,4,5,4,4,4
bigfive,India,opencharacter,55,3,4,4,3,4,4,3,4,4,4,4,4,4,4,4,3,4,4,4,4,3,5,5,5,4,5,3,4,4,4,4,2,4,4,4,4,4,5,4,4,4,4,4,2,4,4,4,4,4,4
bigfive,India,opencharacter,56,3,4,4,4,4,4,4,4,3,3,4,4,4,4,4,4,4,4,4,4,4,5,5,4,4,5,4,4,4,4,4,2,4,4,3,4,4,5,4,4,4,4,4,2,4,5,5,4,4,4
bigfive,India,opencharacter,57,3,4,4,3,4,4,3,4,4,4,4,4,4,4,4,3,4,3,4,4,3,5,5,4,4,5,3,4,4,4,4,4,4,4,4,4,5,5,4,4,4,4,4,2,4,4,4,4,4,4
bigfive,India,opencharacter,58,3,3,4,3,3,4,3,4,3,4,4,4,4,4,4,4,3,3,4,4,4,4,5,4,4,5,4,4,4,4,4,2,4,4,4,4,5,5,4,4,4,4,4,2,4,4,4,4,4,3
bigfive,India,opencharacter,59,3,4,4,2,4,4,3,4,4,4,4,4,4,4,4,4,4,4,4,4,4,4,5,4,4,4,4,4,4,4,4,2,4,4,4,4,4,5,4,4,4,4,4,2,4,4,4,4,4,4
bigfive,India,opencharacter,60,3,4,4,4,4,4,3,4,4,4,4,4,4,4,4,4,4,4,4,4,3,5,5,4,4,5,4,4,4,4,4,2,4,4,4,4,4,5,4,4,4,4,4,2,4,4,4,4,4,4
bigfive,India,opencharacter,61,3,4,4,3,4,4,4,4,4,4,3,4,4,4,4,4,4,4,4,3,4,4,5,4,4,5,4,4,4,4,4,2,4,4,4,4,4,3,4,4,4,4,4,2,4,4,4,4,4,4
bigfive,India,opencharacter,62,3,4,4,2,4,5,4,4,4,4,4,4,4,4,4,4,4,4,4,4,4,5,5,4,4,5,3,4,4,4,4,2,4,3,4,4,4,5,4,4,4,4,4,2,4,4,4,4,4,4
bigfive,India,opencharacter,63,3,2,4,2,4,5,4,4,4,4,4,4,4,4,4,4,4,3,4,4,3,4,5,4,4,5,4,4,4,4,4,2,4,4,4,4,5,5,4,4,4,4,4,2,4,4,4,4,4,4
bigfive,India,opencharacter,64,3,4,4,3,4,5,4,4,4,4,4,4,4,4,4,4,4,4,4,4,4,5,5,4,4,5,3,4,4,4,4,4,4,4,4,4,4,5,4,4,4,4,4,2,4,4,4,4,4,4
bigfive,India,opencharacter,65,3,3,4,2,4,5,3,4,3,4,4,4,4,4,4,4,3,4,4,4,4,5,5,4,4,5,4,4,4,4,4,4,4,4,4,4,4,5,4,4,4,4,4,2,4,5,4,4,4,4
bigfive,India,opencharacter,66,3,4,4,2,4,5,4,4,4,4,4,4,4,4,3,4,4,4,4,4,4,5,5,5,4,5,3,4,4,4,4,2,4,4,4,4,4,5,4,4,4,4,4,2,4,5,5,3,4,4
bigfive,India,opencharacter,67,3,4,4,2,4,4,4,4,4,4,4,3,4,4,4,4,4,4,4,4,4,4,5,4,4,4,3,4,4,4,4,2,4,3,4,4,4,5,4,3,4,4,4,2,4,4,4,4,3,3
bigfive,India,opencharacter,68,3,4,4,3,4,5,3,4,4,4,4,4,4,4,4,3,4,3,4,4,4,5,5,5,4,5,3,4,4,4,4,2,4,3,4,4,4,5,4,4,4,4,4,2,4,5,4,4,4,4
bigfive,India,opencharacter,69,3,4,4,2,4,5,4,4,4,4,4,4,4,4,4,4,4,4,4,4,4,5,5,4,4,5,4,4,4,4,4,2,4,4,4,4,4,5,4,4,4,4,4,2,4,5,4,3,4,4
bigfive,India,opencharacter,70,3,4,4,3,4,4,3,4,4,4,4,4,4,4,4,4,4,4,3,4,4,4,5,4,4,5,4,4,4,4,4,2,4,4,4,4,4,5,4,4,4,4,4,2,4,4,4,4,4,4
bigfive,India,opencharacter,71,3,4,4,2,4,4,4,4,4,3,4,4,4,4,4,3,4,4,4,4,4,4,5,4,4,5,4,4,4,4,4,4,4,4,4,4,4,5,4,4,4,4,4,2,4,4,4,4,4,4
bigfive,India,opencharacter,72,3,4,4,3,4,4,3,4,4,4,4,4,4,4,4,4,4,3,4,4,3,4,5,4,4,4,4,4,4,4,4,2,4,3,4,4,4,5,4,4,4,4,4,2,4,4,4,4,4,4
bigfive,India,opencharacter,73,3,4,4,4,4,5,3,4,4,4,4,4,4,4,3,3,4,3,4,4,3,4,5,4,4,5,3,4,4,4,4,2,4,3,4,4,4,5,4,4,4,4,4,2,4,4,4,3,4,4
bigfive,India,opencharacter,74,3,3,4,5,4,5,4,4,4,3,4,4,4,4,4,4,4,3,4,4,3,5,5,5,4,5,3,4,4,4,4,2,4,3,4,4,4,5,4,4,3,4,4,2,3,5,4,4,4,4
bigfive,India,opencharacter,75,3,4,4,5,4,5,3,4,4,3,4,4,4,4,4,4,4,4,4,4,5,5,5,4,4,5,3,4,4,4,4,2,4,4,4,4,4,5,4,4,4,4,4,2,4,5,4,4,4,4
bigfive,India,opencharacter,76,3,3,4,3,4,4,4,4,4,4,4,4,4,4,4,4,4,3,4,4,4,5,5,4,4,5,3,4,4,4,4,4,4,3,4,4,4,5,4,4,4,4,4,2,4,4,4,4,4,4
bigfive,India,opencharacter,77,3,2,4,4,4,5,3,4,4,3,4,4,4,4,4,3,4,3,3,4,3,5,5,4,4,5,3,4,4,4,4,3,4,4,4,4,4,5,4,4,4,4,4,4,4,4,4,4,4,4
bigfive,India,opencharacter,78,3,4,4,2,4,5,4,4,4,4,4,4,4,4,4,4,4,4,4,4,4,4,5,4,4,5,3,4,4,4,4,2,4,4,4,4,4,5,4,4,4,4,4,2,4,4,4,4,4,4
bigfive,India,opencharacter,79,3,4,4,2,4,4,3,3,4,4,4,4,4,4,4,4,4,4,4,4,4,4,5,4,4,5,3,4,4,4,4,2,4,4,4,3,4,5,4,4,4,4,4,2,4,4,4,4,4,4
bigfive,India,opencharacter,80,3,3,4,3,4,5,4,4,4,4,4,4,4,4,4,4,4,3,4,4,3,5,5,4,4,5,3,4,4,4,4,2,4,4,3,3,4,5,4,4,4,4,4,2,4,4,4,4,4,4
bigfive,India,opencharacter,81,3,4,4,5,4,5,4,4,4,4,4,4,4,4,4,4,4,3,4,4,3,5,5,4,4,5,3,5,4,4,4,2,4,4,4,4,5,5,4,4,4,4,4,2,4,5,4,4,4,4
bigfive,India,opencharacter,82,3,4,4,3,4,4,4,4,4,3,4,4,4,4,4,4,4,3,4,4,4,4,5,4,4,5,4,4,4,4,4,4,4,4,4,4,4,5,4,4,4,4,4,2,4,4,4,4,4,4
bigfive,India,opencharacter,83,3,4,4,2,4,4,3,4,4,4,4,4,4,4,4,4,4,3,4,4,3,4,5,4,4,4,3,4,4,4,4,2,4,4,4,3,4,5,4,4,4,4,4,2,4,4,4,3,4,4
bigfive,India,opencharacter,84,3,4,4,3,4,5,3,4,4,4,4,4,4,4,4,4,4,4,4,4,4,5,5,4,4,5,3,4,4,4,4,4,4,4,4,4,4,5,4,4,4,4,4,2,4,4,4,4,4,4
bigfive,India,opencharacter,85,3,3,4,1,4,4,3,4,4,4,3,4,4,4,3,4,4,3,4,4,5,5,5,4,4,5,3,4,4,4,4,2,4,4,4,4,4,5,4,4,4,4,4,2,4,4,4,4,4,4
bigfive,India,opencharacter,86,3,4,4,4,4,5,3,4,4,4,4,4,4,4,4,4,4,4,4,4,3,5,5,4,4,5,3,4,3,4,4,2,4,3,4,4,4,5,4,4,4,4,4,2,4,5,4,4,4,4
bigfive,India,opencharacter,87,3,3,4,2,4,4,3,4,3,4,3,4,4,4,3,4,3,3,4,4,4,4,5,4,4,4,3,4,4,3,4,2,4,4,4,4,4,5,4,4,3,4,4,2,3,5,4,4,4,3
bigfive,India,opencharacter,88,3,4,4,3,4,4,3,4,4,4,4,4,4,4,3,4,4,3,4,4,4,4,5,4,4,4,4,4,4,4,4,2,4,4,4,4,4,5,4,4,3,4,4,2,4,4,4,3,4,4
bigfive,India,opencharacter,89,3,4,4,4,4,4,3,4,4,4,4,4,4,4,4,4,4,3,4,4,4,5,5,5,4,5,3,4,4,4,4,2,4,4,4,4,4,5,4,4,4,4,4,2,4,4,4,4,4,4
bigfive,India,opencharacter,90,3,4,4,4,4,4,4,4,4,4,4,4,4,4,4,4,4,4,4,4,4,5,5,4,4,5,3,4,4,4,4,4,4,4,4,4,5,5,4,4,4,4,4,2,4,4,4,4,4,4
bigfive,India,opencharacter,91,3,3,4,5,4,5,3,3,4,4,3,4,4,4,4,3,4,3,4,4,3,5,5,4,4,5,3,5,4,4,4,3,4,3,4,4,4,5,4,5,4,4,4,2,4,4,4,3,4,4
bigfive,India,opencharacter,92,3,4,4,2,4,4,3,4,4,4,4,4,4,4,4,4,4,3,4,4,4,5,5,5,4,5,3,4,4,4,4,2,4,4,4,4,4,5,4,4,4,4,4,2,4,4,4,4,4,4
bigfive,India,opencharacter,93,3,2,4,2,4,4,3,4,4,3,4,4,4,4,4,4,4,4,4,4,3,4,5,4,4,5,3,4,4,4,4,2,4,4,4,3,4,5,4,4,3,4,4,2,4,4,4,4,4,4
bigfive,India,opencharacter,94,3,4,4,2,4,4,4,4,4,4,4,4,4,4,4,4,4,4,4,4,4,5,5,4,4,5,3,4,4,4,4,4,4,4,3,4,4,5,4,4,4,4,4,2,4,4,4,4,4,4
bigfive,India,opencharacter,95,3,4,4,2,4,5,4,4,4,4,4,4,4,4,4,4,4,4,3,3,3,4,5,4,4,5,3,4,4,4,4,4,4,3,4,4,4,5,4,4,4,4,4,4,4,4,4,4,4,4
bigfive,India,opencharacter,96,3,4,4,3,4,4,3,4,4,4,4,4,4,4,3,4,4,4,4,4,3,4,5,4,4,5,3,4,4,4,4,3,4,4,4,4,5,5,4,4,4,4,4,2,4,4,4,4,4,4
bigfive,India,opencharacter,97,3,4,4,4,4,4,3,4,4,3,4,4,4,4,4,4,4,4,4,4,4,4,5,4,4,4,3,4,4,4,4,2,4,3,3,4,4,5,4,4,4,4,4,2,4,4,4,4,4,4
bigfive,India,opencharacter,98,3,4,4,2,4,5,3,4,3,4,4,4,4,4,4,4,4,4,4,4,4,5,5,4,4,5,3,4,4,4,4,2,4,4,4,4,4,5,4,4,4,4,4,2,4,4,4,4,4,4
bigfive,India,opencharacter,99,3,4,4,3,4,4,4,4,4,4,4,4,4,4,4,3,4,4,4,4,4,5,5,4,4,5,3,4,4,4,4,2,4,4,4,4,4,5,4,4,4,4,4,2,4,4,4,4,4,4
bigfive,India,opencharacter,100,3,4,4,2,4,5,3,4,4,4,4,4,4,4,3,4,4,3,4,4,4,4,5,4,3,4,3,4,4,4,3,2,4,4,3,4,4,5,3,4,3,4,4,2,4,4,4,4,4,3
bigfive,India,opencharacter,101,3,3,4,3,4,4,4,4,4,4,4,4,4,4,4,4,4,3,4,4,4,4,5,4,4,5,4,4,4,4,4,2,4,3,4,4,4,5,4,4,4,4,4,2,4,4,4,4,4,4
bigfive,India,opencharacter,102,3,4,4,2,4,4,4,4,4,4,3,4,4,4,4,4,4,4,4,4,3,5,5,4,4,5,3,5,4,4,4,4,4,4,4,4,4,5,4,4,4,4,4,2,4,4,4,3,4,4
bigfive,India,opencharacter,103,3,2,4,4,4,4,4,4,4,4,4,4,4,4,4,4,4,3,4,4,4,5,5,5,4,5,4,4,4,4,4,2,4,4,4,4,4,5,4,4,4,4,4,2,4,4,4,4,5,4
bigfive,India,opencharacter,104,3,4,4,3,4,4,3,4,4,4,4,4,4,4,3,4,4,4,4,4,4,5,5,4,4,5,4,4,4,4,4,4,4,4,4,4,4,5,4,4,4,4,4,2,4,5,5,4,4,4
bigfive,India,opencharacter,105,3,4,4,3,4,4,3,4,4,4,4,4,4,4,4,4,4,3,4,4,4,4,5,4,4,5,3,4,4,4,4,4,4,4,4,4,4,5,4,4,4,4,4,2,4,5,4,3,4,4
bigfive,India,opencharacter,106,3,4,4,2,4,5,3,4,4,4,4,4,4,4,4,4,4,4,4,4,3,4,5,4,4,5,4,4,4,4,4,4,4,4,4,4,5,5,4,4,4,4,4,2,4,4,4,4,4,4
bigfive,India,opencharacter,107,3,2,4,4,4,4,4,4,4,4,4,4,4,4,4,4,4,3,4,4,5,4,5,4,4,4,3,4,4,4,4,2,4,4,4,4,4,5,4,4,4,4,4,2,4,4,4,4,4,4
bigfive,India,opencharacter,108,3,4,4,5,4,5,4,4,4,4,4,4,4,4,4,4,4,3,4,4,3,5,5,5,4,5,3,4,4,4,4,2,4,4,4,3,4,5,4,4,4,4,4,2,4,5,5,4,4,4
bigfive,India,opencharacter,109,3,4,4,3,4,4,3,4,4,4,4,4,4,4,4,4,4,3,4,4,4,4,5,4,4,5,3,4,4,4,4,2,4,4,4,4,4,5,4,4,4,4,4,2,4,5,4,4,4,4
bigfive,India,opencharacter,110,3,4,4,2,4,5,3,4,4,4,4,4,4,4,3,4,4,4,3,4,3,4,5,4,4,5,3,4,4,3,4,4,4,4,4,4,4,5,4,4,4,4,4,2,4,4,4,4,4,4
bigfive,India,opencharacter,111,3,3,4,5,4,5,3,4,4,4,4,4,4,4,4,4,4,3,4,4,4,5,5,5,4,5,3,5,4,4,4,4,4,4,4,4,4,5,4,5,4,4,4,2,4,5,4,4,4,4
bigfive,India,opencharacter,112,3,4,4,2,4,5,3,4,4,3,4,4,4,4,4,4,4,3,4,4,3,5,5,5,4,5,3,4,4,4,4,4,4,4,4,4,4,5,4,4,4,4,4,2,4,4,4,4,4,4
bigfive,India,opencharacter,113,3,4,4,2,4,5,4,4,4,4,4,4,4,4,4,3,4,4,4,4,3,4,5,4,4,5,2,4,4,4,4,2,4,4,4,4,4,5,4,4,4,4,4,2,4,4,4,4,4,4
bigfive,India,opencharacter,114,3,4,4,2,4,5,3,4,4,4,4,4,4,4,4,4,4,4,4,4,4,5,5,4,4,5,3,4,4,4,4,4,4,4,4,3,5,5,4,4,4,4,4,2,4,4,4,4,4,4
bigfive,India,opencharacter,115,3,3,4,5,4,5,4,4,4,4,4,4,4,4,4,4,4,4,4,4,5,5,5,5,4,5,3,5,4,4,4,2,4,3,4,4,4,5,4,5,4,4,4,2,4,4,4,4,4,4
bigfive,India,opencharacter,116,3,3,4,2,4,4,4,4,4,4,4,4,4,4,4,3,3,3,4,4,3,5,5,5,4,5,3,4,4,3,4,2,4,3,4,4,4,5,4,4,4,4,4,2,4,4,4,3,4,4
bigfive,India,opencharacter,117,3,4,5,4,4,5,3,4,4,4,3,4,4,4,4,4,4,4,4,4,4,5,5,5,4,5,3,4,4,4,4,2,4,4,4,4,4,5,4,4,4,4,4,2,4,4,5,4,4,4
bigfive,India,opencharacter,118,3,4,4,2,4,4,3,4,4,4,4,4,4,4,4,4,4,4,4,4,3,5,5,4,4,5,3,4,4,4,4,2,4,4,3,4,4,5,4,4,4,4,4,2,4,4,4,4,4,4
bigfive,India,opencharacter,119,3,4,4,2,4,5,3,4,4,4,4,4,4,4,4,4,3,3,4,4,3,5,5,4,4,5,3,4,4,4,4,2,4,4,4,4,4,5,4,4,3,4,4,2,4,4,5,4,4,4
bigfive,India,opencharacter,120,3,3,4,2,4,4,3,4,4,4,3,4,4,4,4,4,4,3,4,4,4,5,5,4,4,5,3,4,4,4,4,3,4,3,4,3,4,5,4,5,4,4,4,2,4,4,5,3,4,4
bigfive,India,opencharacter,121,3,4,4,2,4,4,3,4,4,4,3,4,4,4,4,4,4,3,4,3,4,5,5,4,4,5,3,4,4,4,4,4,4,3,3,4,4,5,4,4,3,4,4,2,4,4,4,4,4,4
bigfive,India,opencharacter,122,3,3,4,5,3,5,3,4,4,4,4,4,4,4,3,4,3,3,4,4,3,4,5,4,4,4,3,4,4,4,4,4,4,4,4,3,4,5,4,4,4,4,4,2,4,4,4,4,4,4
bigfive,India,opencharacter,123,3,4,4,2,4,4,4,4,4,4,4,4,4,4,4,4,3,3,4,3,3,4,5,4,4,5,3,4,4,4,4,2,4,4,3,3,4,5,4,5,4,4,4,2,4,4,5,4,4,4
bigfive,India,opencharacter,124,3,3,4,2,4,5,4,4,4,4,4,4,4,4,4,4,4,4,4,4,3,5,5,4,4,5,3,4,4,4,4,2,4,4,4,4,4,5,4,4,4,4,4,2,4,4,5,4,4,4
bigfive,India,opencharacter,125,3,4,4,3,4,4,4,4,4,4,4,4,4,4,4,4,4,4,4,4,4,5,5,5,4,5,3,4,4,4,4,2,4,4,4,4,4,5,4,4,4,4,4,2,4,4,4,4,4,4
bigfive,India,opencharacter,126,3,4,4,3,4,4,4,4,4,4,4,4,4,4,4,4,4,4,4,4,4,5,5,4,4,5,3,4,4,4,4,2,4,3,4,3,5,5,4,4,4,4,4,2,4,4,5,4,4,4
bigfive,India,opencharacter,127,3,2,4,3,4,4,4,4,4,4,4,4,4,4,4,4,4,4,4,4,4,4,5,4,4,5,4,4,4,4,4,2,4,4,4,4,4,5,4,4,4,4,4,2,4,4,4,4,4,4
bigfive,India,opencharacter,128,3,4,4,2,4,5,3,4,4,4,4,4,4,4,4,4,4,3,4,4,4,5,5,5,4,5,3,5,4,4,4,3,4,4,4,4,4,5,4,5,4,4,4,2,4,4,5,4,4,4
bigfive,India,opencharacter,129,3,4,4,4,4,5,4,4,5,4,4,4,4,4,4,4,4,4,4,4,4,5,5,4,4,5,4,4,4,4,4,2,4,4,4,4,4,5,4,4,4,4,4,2,4,5,5,4,4,4
bigfive,India,opencharacter,130,3,3,4,3,4,4,3,4,4,4,3,4,4,4,4,3,4,3,4,4,5,5,5,4,4,5,3,4,4,4,4,2,4,4,4,4,4,5,4,4,4,4,4,2,4,4,4,4,4,4
bigfive,India,opencharacter,131,3,4,4,2,4,4,3,4,4,4,4,4,4,4,4,4,4,4,4,4,5,4,5,4,4,5,4,4,4,4,4,2,4,4,4,4,4,5,4,4,4,4,4,2,4,4,4,4,4,4
bigfive,India,opencharacter,132,3,3,4,2,4,4,3,4,4,4,4,4,4,4,4,4,3,3,4,4,4,4,5,4,4,5,3,4,4,4,4,4,4,3,4,4,4,5,4,4,4,4,4,4,4,4,4,3,4,3
bigfive,India,opencharacter,133,3,4,4,2,4,5,3,4,4,4,4,4,4,4,4,4,4,4,4,4,4,5,5,5,4,5,3,5,4,4,4,2,4,3,4,4,4,5,4,5,4,4,4,2,4,5,5,4,4,4
bigfive,India,opencharacter,134,3,4,4,3,4,5,3,4,4,4,4,4,4,4,4,4,4,3,4,4,5,5,5,4,4,5,3,4,4,4,4,2,4,4,3,4,4,5,4,4,4,4,4,2,4,5,4,4,4,4
bigfive,India,opencharacter,135,3,4,4,2,4,5,3,4,4,4,3,4,4,4,4,4,4,4,4,4,4,5,5,4,4,5,3,4,4,4,4,2,4,4,4,4,4,5,4,4,4,4,4,2,4,5,4,4,4,4
bigfive,India,opencharacter,136,3,4,4,4,4,4,4,4,4,4,4,4,4,4,4,4,4,4,4,4,4,5,5,4,4,4,3,4,4,4,4,4,4,4,4,4,4,5,4,4,4,4,4,2,4,5,4,3,4,4
bigfive,India,opencharacter,137,3,4,4,2,4,4,4,4,4,4,4,4,4,4,4,4,4,4,4,4,3,4,5,4,4,5,4,4,4,4,4,4,4,4,4,4,4,4,4,4,4,4,4,2,4,5,4,4,4,4
bigfive,India,opencharacter,138,3,3,4,4,4,5,4,4,4,4,4,4,4,4,4,4,4,3,4,4,3,5,5,4,4,5,3,5,4,4,4,4,4,3,3,4,4,5,4,4,4,4,4,2,4,4,4,4,4,4
bigfive,India,opencharacter,139,3,4,4,2,4,5,4,4,4,4,4,4,4,4,4,4,4,4,4,4,4,5,5,4,4,5,3,4,4,4,4,4,4,4,4,4,4,5,4,4,4,4,4,2,4,4,4,4,4,4
bigfive,India,opencharacter,140,3,4,4,2,4,4,4,4,4,4,4,4,4,4,4,3,4,3,4,4,4,5,5,5,4,5,3,4,4,4,4,2,4,4,4,4,4,5,4,5,4,4,4,2,4,4,4,4,4,4
bigfive,India,opencharacter,141,3,4,4,3,4,4,3,4,4,4,4,4,4,4,4,4,3,3,3,4,3,4,5,4,4,5,3,4,4,4,4,3,4,3,3,4,4,5,4,4,3,4,4,2,4,4,4,4,4,3
bigfive,India,opencharacter,142,3,4,4,2,4,4,3,4,4,4,3,4,4,4,4,4,4,3,4,4,4,4,5,4,4,4,3,4,4,4,4,4,4,4,4,3,4,5,4,4,3,4,3,2,4,4,4,4,4,3
bigfive,India,opencharacter,143,3,2,4,2,4,5,4,4,4,4,4,4,4,4,4,4,4,3,4,4,4,5,5,4,4,5,4,4,4,4,4,4,4,4,4,4,4,5,4,4,4,4,4,2,4,4,4,4,4,4
bigfive,India,opencharacter,144,3,4,4,3,4,5,4,4,4,4,4,4,4,4,4,4,4,3,4,4,3,5,5,4,4,5,3,4,4,4,4,2,4,4,4,4,5,5,4,4,4,4,4,2,4,5,4,4,4,4
bigfive,India,opencharacter,145,3,4,4,1,3,4,3,4,3,4,4,4,4,4,4,4,4,3,3,3,4,4,5,4,4,5,3,4,4,4,4,2,4,4,3,4,4,5,4,4,3,4,4,2,4,4,4,3,4,3
bigfive,India,opencharacter,146,3,4,4,4,4,4,4,4,4,4,4,4,4,4,4,4,4,4,4,4,4,4,5,4,4,4,3,4,4,4,4,4,4,3,4,4,4,5,4,4,4,4,4,2,4,4,4,4,4,4
bigfive,India,opencharacter,147,3,3,4,4,4,4,4,4,4,4,4,4,4,4,4,4,4,4,4,4,5,5,5,4,4,5,3,4,4,4,4,2,4,4,4,4,4,5,4,5,4,4,4,2,4,5,5,4,4,4
bigfive,India,opencharacter,148,3,3,4,2,4,5,3,4,4,4,4,4,4,4,4,4,4,4,4,4,3,4,5,4,4,4,3,4,4,4,4,2,4,4,4,4,4,5,4,4,4,4,4,2,4,4,4,3,4,3
bigfive,India,opencharacter,149,3,3,4,1,3,5,3,4,4,4,4,4,4,4,4,3,4,3,4,4,3,5,5,4,4,5,4,4,4,4,4,2,4,4,4,3,4,5,4,4,4,4,4,2,4,4,4,4,4,4
bigfive,India,opencharacter,150,3,4,4,1,3,5,3,4,4,3,4,4,4,4,4,4,4,4,4,4,4,4,5,4,4,5,3,4,4,4,4,2,4,4,3,4,4,5,4,4,4,4,4,2,4,5,4,4,4,4
bigfive,India,opencharacter,151,3,4,4,4,4,4,4,4,4,4,4,4,4,4,4,4,4,3,4,4,3,5,5,4,4,5,4,4,4,4,4,2,4,4,4,4,4,5,4,4,4,4,4,2,4,4,4,4,4,4
bigfive,India,opencharacter,152,3,2,4,1,4,5,3,4,4,4,4,4,4,4,4,4,4,4,4,4,4,4,5,4,4,4,4,4,4,4,4,2,4,3,3,4,5,5,4,4,4,4,4,2,4,5,4,4,4,4
bigfive,India,opencharacter,153,3,4,4,2,4,4,4,4,4,4,4,4,4,4,4,4,4,3,4,4,4,5,5,4,4,5,3,4,4,4,4,2,4,4,4,4,4,5,4,4,4,4,4,2,4,4,4,4,4,4
bigfive,India,opencharacter,154,3,4,4,5,4,4,3,3,4,3,4,4,4,4,4,4,4,4,4,4,4,5,5,4,4,5,3,4,4,4,4,2,4,4,4,4,4,3,4,3,4,4,4,2,4,5,4,4,4,4
bigfive,India,opencharacter,155,3,3,4,2,4,4,3,4,4,4,4,4,4,4,4,3,4,4,4,4,5,4,5,4,4,4,3,4,4,4,4,2,4,4,4,3,4,5,4,4,4,4,4,2,4,4,4,3,4,4
bigfive,India,opencharacter,156,3,4,4,2,4,5,3,4,4,4,4,4,4,4,4,4,4,4,4,4,3,5,5,5,4,5,4,4,4,4,4,2,4,3,3,4,4,5,4,4,4,4,4,2,4,4,4,4,4,4
bigfive,India,opencharacter,157,3,3,4,2,4,4,4,4,4,4,4,4,4,4,4,4,4,4,4,4,5,5,5,4,4,5,3,4,4,4,4,4,4,4,4,3,4,5,4,4,4,4,4,2,4,4,5,4,4,4
bigfive,India,opencharacter,158,3,4,4,4,4,5,4,4,4,4,4,4,4,4,4,4,4,3,4,4,4,4,5,4,4,5,3,4,4,4,4,3,4,4,4,4,4,5,4,5,4,4,4,2,4,4,4,4,4,4
bigfive,India,opencharacter,159,3,3,4,1,4,5,3,4,4,3,4,4,4,4,4,4,4,3,4,4,4,5,5,5,4,5,3,4,4,4,4,2,4,4,4,4,4,3,4,3,4,4,4,4,4,5,4,4,5,4
bigfive,India,opencharacter,160,3,4,4,2,4,5,4,4,4,4,4,4,4,4,4,3,4,4,4,4,3,5,5,4,4,5,3,4,4,4,4,2,4,4,4,4,4,5,4,4,4,4,4,2,4,5,4,4,4,4
bigfive,India,opencharacter,161,3,4,4,3,4,5,3,4,4,4,3,4,4,4,3,4,4,3,4,4,3,5,5,4,4,5,3,4,4,4,4,4,4,4,4,4,4,5,4,4,3,4,4,2,4,4,4,4,4,4
bigfive,India,opencharacter,162,3,4,4,2,4,4,3,4,4,4,4,4,4,4,4,3,4,4,4,4,2,4,5,5,4,4,3,4,4,4,4,2,4,4,4,4,4,5,4,4,4,4,4,2,4,4,4,4,4,3
bigfive,India,opencharacter,163,3,4,4,2,4,4,3,4,4,3,4,4,4,4,4,4,4,3,4,4,3,4,5,4,4,5,3,4,4,4,4,3,4,4,4,4,5,5,4,4,4,4,4,2,4,4,4,4,4,4
bigfive,India,opencharacter,164,3,3,4,5,4,5,3,4,4,4,3,4,4,4,4,4,4,4,4,4,4,5,5,5,4,5,3,5,4,4,4,2,4,4,4,3,4,5,4,4,4,4,4,2,4,5,5,3,5,4
bigfive,India,opencharacter,165,3,4,4,4,4,5,3,4,4,4,3,4,4,4,4,4,4,4,4,4,4,4,5,4,4,4,3,4,4,4,4,2,4,3,4,4,4,5,4,4,4,4,4,3,4,5,4,4,4,4
bigfive,India,opencharacter,166,3,3,4,4,4,4,3,4,4,4,4,4,4,4,4,3,4,3,4,4,4,4,5,4,4,5,3,4,4,4,4,2,4,4,4,4,5,5,4,4,4,4,4,2,4,4,4,4,4,4
bigfive,India,opencharacter,167,3,4,4,3,4,4,4,4,4,4,4,4,4,4,4,4,4,3,4,4,5,4,5,4,4,5,4,4,4,4,4,2,4,4,4,4,4,5,4,4,4,4,4,2,4,4,4,4,4,4
bigfive,India,opencharacter,168,3,4,4,2,4,4,4,4,4,4,4,4,4,4,3,4,3,3,4,4,4,5,5,4,4,4,3,4,4,4,4,2,4,3,4,4,4,3,4,4,4,4,4,2,4,4,4,4,4,4
bigfive,India,opencharacter,169,3,4,4,3,4,5,4,4,4,4,4,4,4,4,4,4,4,4,3,4,4,5,5,5,4,5,3,4,4,4,4,4,4,4,4,4,4,5,4,4,4,4,4,2,4,5,5,4,4,4
bigfive,India,opencharacter,170,3,4,4,3,4,5,4,4,4,4,4,4,4,4,4,4,4,4,4,4,4,5,5,4,4,5,3,4,4,4,4,3,4,4,4,4,4,5,4,4,4,4,4,2,4,5,4,4,4,4
bigfive,India,opencharacter,171,3,4,4,2,4,5,3,4,4,4,4,4,4,4,3,4,3,4,4,4,4,4,5,4,4,5,3,4,4,4,4,3,4,4,4,4,4,5,4,4,4,4,4,2,4,4,4,4,4,4
bigfive,India,opencharacter,172,3,4,4,2,3,5,3,4,4,3,4,4,4,4,3,4,4,4,3,4,3,4,5,4,4,5,3,4,4,4,4,2,4,4,3,4,4,5,4,4,4,4,4,2,4,4,4,4,4,4
bigfive,India,opencharacter,173,3,2,4,4,4,5,4,4,4,4,4,4,4,4,4,4,4,4,4,4,4,5,5,4,4,5,3,4,4,4,4,2,4,4,4,4,4,5,4,4,4,4,4,2,4,4,4,4,4,4
bigfive,India,opencharacter,174,3,4,5,3,4,5,3,4,4,4,4,4,4,4,4,3,4,3,4,4,3,5,5,5,4,5,3,4,4,4,4,4,4,3,4,4,5,5,4,4,4,4,4,2,4,5,4,4,5,4
bigfive,India,opencharacter,175,3,4,4,2,4,5,3,4,4,4,4,4,4,4,3,4,4,4,4,4,3,5,5,4,4,5,3,4,4,4,4,4,4,4,4,4,4,5,4,4,4,4,4,2,4,4,5,4,4,4
bigfive,India,opencharacter,176,3,4,4,2,4,5,3,5,4,4,4,4,4,4,4,4,4,3,4,4,4,5,5,4,4,5,3,4,4,4,4,2,4,4,4,4,4,5,4,4,4,4,4,2,4,5,4,4,4,4
bigfive,India,opencharacter,177,3,2,4,3,4,4,4,4,4,4,4,4,4,4,4,4,4,4,4,4,4,4,5,4,4,5,4,4,4,4,4,4,4,4,4,4,4,5,4,4,4,4,4,2,4,4,4,4,4,4
bigfive,India,opencharacter,178,3,4,4,2,4,5,4,4,4,4,4,4,4,4,4,4,4,4,4,4,4,5,5,5,4,5,4,4,4,4,4,2,4,4,4,4,4,5,4,4,4,4,4,2,4,5,4,4,4,4
bigfive,India,opencharacter,179,3,4,4,2,4,4,3,4,4,4,4,4,4,4,4,4,4,3,4,4,4,5,5,5,4,5,3,4,4,4,4,4,4,4,4,4,4,5,4,4,4,4,4,2,4,4,5,4,4,4
bigfive,India,opencharacter,180,3,4,4,2,4,4,3,4,4,3,3,4,4,4,4,3,3,3,4,3,3,4,5,4,4,5,4,4,4,3,3,3,4,2,3,4,4,3,4,4,4,4,4,2,3,4,4,3,4,3
bigfive,India,opencharacter,181,3,4,4,2,4,5,4,4,5,4,4,4,4,4,3,4,4,3,4,4,3,5,5,4,4,5,3,4,4,4,4,2,4,4,3,4,4,5,4,4,4,4,4,2,4,5,4,3,4,4
bigfive,India,opencharacter,182,3,4,4,4,4,4,4,4,4,4,4,4,4,4,4,4,4,3,4,4,4,5,5,4,4,5,4,4,4,4,4,2,4,3,4,4,4,5,4,4,4,4,4,2,4,4,4,4,4,4
bigfive,India,opencharacter,183,3,4,4,2,4,4,3,5,4,4,4,4,4,4,4,4,4,3,3,4,3,4,5,4,4,5,3,4,4,4,4,2,3,4,3,4,4,5,4,4,3,4,4,2,4,4,4,4,4,4
bigfive,India,opencharacter,184,3,4,3,4,4,5,4,4,4,4,4,4,4,4,4,4,4,4,4,4,4,5,5,4,4,5,3,4,4,4,3,4,4,4,4,4,4,4,4,4,4,4,4,2,4,5,4,4,4,4
bigfive,India,opencharacter,185,3,2,4,3,4,4,4,4,4,4,4,4,4,4,4,4,4,4,4,4,4,4,5,4,4,5,3,4,4,4,4,4,4,4,4,4,5,5,4,4,4,4,4,2,4,4,4,4,4,4
bigfive,India,opencharacter,186,3,4,4,1,3,5,3,4,4,4,3,4,4,4,4,4,4,3,4,4,3,4,5,4,4,5,3,4,4,4,4,2,4,3,4,4,4,5,4,4,4,2,4,2,4,4,4,3,4,4
bigfive,India,opencharacter,187,3,4,4,3,4,4,4,4,4,4,4,4,4,4,4,4,4,4,4,4,4,5,5,4,4,4,3,4,4,4,4,2,4,4,4,4,4,5,4,4,4,4,4,2,4,4,4,4,4,4
bigfive,India,opencharacter,188,3,4,4,3,4,5,3,4,4,4,3,4,4,4,4,4,4,3,4,4,4,4,5,4,4,4,3,4,4,4,4,4,4,4,4,4,4,5,4,4,4,4,4,2,4,4,4,3,4,4
bigfive,India,opencharacter,189,3,4,4,2,4,5,4,4,4,4,3,4,4,4,4,4,4,3,3,4,4,5,5,5,4,5,3,4,4,4,4,4,4,4,3,3,5,5,4,4,4,4,4,2,4,5,4,3,5,4
bigfive,India,opencharacter,190,3,3,4,3,4,5,4,4,4,4,4,4,4,4,4,4,4,4,4,4,4,5,5,4,4,5,3,4,4,4,4,2,4,4,4,3,4,5,4,5,4,4,4,2,4,4,4,4,4,4
bigfive,India,opencharacter,191,3,4,4,2,4,5,3,4,4,4,4,4,4,4,4,4,4,3,4,4,4,5,5,4,4,5,3,4,4,4,4,3,4,4,4,4,4,5,4,4,4,4,4,2,4,5,4,4,4,4
bigfive,India,opencharacter,192,3,4,4,3,4,4,4,4,4,4,4,4,4,4,4,4,4,3,4,4,4,5,5,4,4,4,3,4,4,4,4,4,4,4,4,4,4,5,4,4,4,4,4,4,4,4,4,4,4,4
bigfive,India,opencharacter,193,3,2,4,2,4,4,3,4,4,4,4,4,4,4,3,4,3,3,4,4,4,4,5,4,2,5,4,4,4,4,4,3,4,4,4,4,4,5,4,4,4,4,4,2,4,4,4,4,4,4
bigfive,India,opencharacter,194,3,4,4,2,4,4,4,4,4,4,4,4,4,4,4,4,4,4,4,4,4,4,5,4,4,5,4,4,4,4,4,2,4,4,4,4,4,5,4,4,3,4,4,2,4,4,4,4,4,4
bigfive,India,opencharacter,195,3,4,4,4,4,5,4,4,4,4,4,4,4,4,4,4,4,4,4,4,3,5,5,5,4,5,4,4,4,4,4,4,4,4,4,4,4,5,4,4,4,4,4,2,4,5,4,4,4,4
bigfive,India,opencharacter,196,3,2,4,5,4,4,3,4,4,4,4,4,4,4,4,4,3,3,4,4,4,4,5,4,4,5,3,4,4,3,4,4,4,4,4,4,4,3,4,4,3,4,4,2,4,4,4,3,4,4
bigfive,India,opencharacter,197,3,2,4,4,4,4,4,4,4,4,3,4,4,4,4,4,4,3,4,4,3,5,5,5,4,5,3,4,4,4,4,2,4,4,3,3,4,5,4,4,4,4,4,2,4,4,4,3,4,4
bigfive,India,opencharacter,198,3,4,4,2,4,4,3,4,4,4,4,4,4,4,4,4,3,4,4,4,4,4,5,4,4,5,2,4,4,4,4,2,4,4,4,4,4,5,4,4,4,4,4,2,4,4,4,4,4,4
bigfive,India,opencharacter,199,3,2,4,2,4,4,3,4,4,4,4,4,4,4,4,4,3,3,3,3,3,4,5,4,4,4,3,4,4,4,4,2,4,3,3,4,4,5,4,4,3,4,4,2,4,4,4,4,4,3
bigfive,India,opencharacter,200,3,4,4,5,4,5,4,4,4,4,4,4,4,4,4,3,4,4,4,4,5,5,5,5,4,5,3,5,4,4,4,2,4,3,4,3,5,5,4,4,4,4,4,2,4,5,4,4,4,4
bigfive,India,opencharacter,201,3,2,4,4,4,4,4,4,4,4,4,4,4,4,4,4,4,4,4,4,4,5,5,5,4,5,3,4,4,4,4,2,4,4,3,4,4,5,4,4,4,4,4,2,4,5,4,4,4,4
bigfive,India,opencharacter,202,3,4,4,4,4,5,3,4,4,4,4,4,4,4,4,4,3,3,4,4,4,5,5,4,4,5,3,4,4,4,4,2,4,4,4,4,4,5,4,4,4,4,4,2,4,5,4,4,4,4
bigfive,India,opencharacter,203,3,4,4,2,4,4,3,4,4,4,4,4,4,4,4,3,4,3,4,3,4,4,5,4,4,4,3,4,4,4,4,2,4,4,4,4,4,5,4,4,4,4,4,2,3,4,4,4,4,3
bigfive,India,opencharacter,204,3,4,4,2,4,5,3,4,4,4,4,4,4,4,4,4,4,3,4,4,4,5,5,4,4,5,3,4,4,4,4,2,4,4,4,4,4,5,4,4,4,4,4,2,4,4,4,3,4,4
bigfive,India,opencharacter,205,3,4,4,5,4,5,3,4,4,4,4,4,4,4,4,4,4,4,4,4,3,4,5,4,4,5,4,4,4,4,4,4,4,4,4,4,4,5,4,3,4,4,4,2,4,5,4,4,4,4
bigfive,India,opencharacter,206,3,4,4,2,4,4,4,4,4,4,4,4,4,4,4,4,4,4,4,4,4,5,5,4,4,5,3,4,4,4,4,2,4,4,4,4,4,5,4,4,4,4,4,2,4,4,5,4,4,4
bigfive,India,opencharacter,207,3,4,4,4,3,4,3,4,3,4,4,4,4,4,4,4,4,4,4,3,4,4,5,4,4,5,4,4,4,4,4,4,3,3,4,4,4,5,4,4,4,4,4,2,4,4,4,4,4,4
bigfive,India,opencharacter,208,3,4,4,2,4,4,3,4,4,4,4,4,4,4,4,4,4,4,4,3,4,5,5,4,4,5,3,4,4,4,4,2,4,3,4,4,4,5,4,5,4,4,4,2,4,4,5,4,4,4
bigfive,India,opencharacter,209,3,4,4,3,4,5,4,4,4,4,4,4,4,4,4,3,4,4,4,4,4,5,5,5,4,5,4,4,4,4,4,2,4,3,3,4,5,5,4,4,4,4,4,2,4,5,4,4,4,4
bigfive,India,opencharacter,210,3,3,4,4,4,4,4,4,4,4,4,4,4,4,4,4,4,4,4,4,4,5,5,4,4,5,4,4,4,4,4,2,5,4,4,4,5,5,4,4,4,4,4,2,4,4,5,4,4,4
bigfive,India,opencharacter,211,3,4,4,3,4,4,4,4,4,4,4,4,4,4,4,4,4,3,4,4,3,4,5,4,4,5,3,4,4,4,4,4,4,4,4,4,4,5,4,4,4,4,4,2,4,4,4,3,4,4
bigfive,India,opencharacter,212,3,4,4,3,4,5,3,4,4,4,4,4,4,4,4,4,4,4,4,3,4,4,5,4,4,5,3,4,4,4,4,4,4,4,4,4,4,5,4,4,4,4,4,2,4,4,4,4,4,4
bigfive,India,opencharacter,213,3,4,4,3,4,4,3,4,4,4,4,4,4,4,4,4,4,3,4,4,4,4,5,4,3,5,3,4,4,4,4,4,4,4,4,4,5,5,4,4,4,4,3,2,4,4,4,4,4,4
bigfive,India,opencharacter,214,3,4,4,2,4,4,3,4,4,4,3,4,4,4,4,3,4,3,4,4,3,4,5,4,4,4,3,4,4,4,4,2,4,4,3,4,4,5,4,4,4,4,4,2,4,4,4,3,4,4
bigfive,India,opencharacter,215,3,4,4,4,4,5,3,4,4,3,4,4,4,4,4,4,4,4,4,4,3,5,5,4,4,5,3,4,4,4,4,2,4,4,4,4,4,5,4,5,4,4,4,2,4,5,5,4,4,4
bigfive,India,opencharacter,216,3,3,4,5,4,5,3,4,4,4,4,4,4,4,4,4,4,3,4,3,3,5,5,5,4,5,3,4,4,4,4,2,4,3,4,3,4,5,4,4,4,4,4,2,4,5,4,4,4,4
bigfive,India,opencharacter,217,3,4,4,5,4,5,4,4,4,4,3,4,4,4,4,4,4,4,4,4,4,5,5,4,4,5,4,4,4,4,4,4,4,4,4,4,4,5,4,4,4,4,4,2,4,4,4,4,4,4
bigfive,India,opencharacter,218,3,4,4,3,4,5,4,4,4,3,4,4,4,4,4,3,4,4,4,4,5,5,5,5,4,5,3,4,4,4,4,2,4,3,4,3,5,5,4,4,4,4,4,2,4,4,4,4,4,4
bigfive,India,opencharacter,219,3,4,4,4,4,4,4,4,4,4,4,4,4,4,4,4,4,4,4,4,4,4,5,4,4,5,3,4,4,4,4,2,4,4,4,4,4,5,4,4,4,4,4,2,4,4,4,4,4,4
bigfive,India,opencharacter,220,3,3,4,2,4,4,4,4,4,4,4,4,4,4,3,4,3,4,4,4,3,5,5,4,4,5,3,4,4,4,4,2,4,4,4,4,4,5,4,4,4,4,4,2,4,5,4,4,4,4
bigfive,India,opencharacter,221,3,4,4,2,4,5,3,4,4,4,3,4,4,5,3,4,4,4,4,4,3,5,5,4,4,5,3,4,4,4,4,4,4,4,4,4,5,5,4,5,4,4,4,2,4,4,4,4,4,4
bigfive,India,opencharacter,222,3,4,4,2,4,4,3,4,4,4,4,4,4,4,4,3,4,3,4,4,5,5,5,4,4,5,3,4,4,4,4,4,4,4,4,4,4,5,4,4,4,4,4,2,4,5,4,4,4,4
bigfive,India,opencharacter,223,3,2,4,2,4,4,3,4,4,4,4,4,4,4,4,4,4,4,4,3,4,5,5,4,4,5,4,4,4,4,4,2,4,4,4,4,4,5,4,4,3,4,4,2,4,4,4,4,4,4
bigfive,India,opencharacter,224,3,4,4,4,4,4,4,4,4,3,4,4,4,4,4,4,4,4,4,4,4,5,5,4,4,5,4,4,4,4,4,2,4,4,3,4,4,5,4,4,4,4,4,2,4,4,4,4,4,4
bigfive,India,opencharacter,225,3,4,4,2,4,4,4,4,4,4,4,4,4,4,4,4,4,4,4,4,5,5,5,4,4,5,3,4,4,4,4,2,4,4,4,4,4,5,4,4,4,4,4,2,4,4,4,4,4,4
bigfive,India,opencharacter,226,3,4,4,2,4,5,4,4,4,4,3,4,4,4,4,3,4,4,4,4,3,5,5,5,4,5,3,4,4,4,4,4,4,3,4,3,5,5,4,4,4,4,4,2,4,4,4,4,4,4
bigfive,India,opencharacter,227,3,3,4,5,4,4,3,4,4,3,4,4,4,4,4,3,4,3,4,4,5,4,5,4,4,4,3,4,4,4,4,2,3,4,4,4,4,5,4,4,3,4,4,2,4,4,4,3,4,3
bigfive,India,opencharacter,228,3,4,4,3,4,4,3,4,4,4,4,4,4,4,4,4,4,4,4,4,4,4,5,4,4,5,4,4,4,4,4,4,4,4,4,3,5,5,4,4,4,4,4,2,4,4,4,4,4,4
bigfive,India,opencharacter,229,3,4,4,2,4,4,3,4,4,4,4,4,4,4,4,4,4,4,4,4,4,4,5,4,4,5,3,4,4,4,4,2,4,4,3,4,4,5,4,4,4,4,4,2,4,4,4,4,4,4
bigfive,India,opencharacter,230,3,4,4,4,4,4,3,4,4,4,4,4,4,4,4,4,4,3,4,4,4,4,5,4,4,5,3,4,4,4,4,2,4,4,4,4,4,5,4,4,4,4,4,2,4,4,4,4,4,4
bigfive,India,opencharacter,231,3,4,4,2,4,4,4,4,4,4,4,4,4,4,4,3,4,4,4,4,4,4,5,4,4,5,3,4,4,4,4,2,4,3,4,4,4,5,4,4,4,4,4,2,4,4,4,4,4,4
bigfive,India,opencharacter,232,3,4,4,3,4,5,3,4,4,3,4,4,4,4,4,4,4,3,4,4,4,5,5,5,4,5,3,4,4,4,4,4,4,4,3,3,4,5,4,4,4,4,4,2,4,4,4,4,4,4
bigfive,India,opencharacter,233,3,3,4,3,4,4,3,4,4,4,3,4,4,4,4,4,4,4,4,4,3,5,5,4,4,5,4,5,4,4,4,4,4,4,4,4,4,5,4,5,4,4,4,2,4,4,4,4,4,4
bigfive,India,opencharacter,234,3,3,4,2,4,4,3,4,4,4,4,4,4,4,4,4,4,3,4,4,3,5,5,5,4,5,3,4,4,4,4,4,4,4,4,4,4,5,4,5,4,4,4,2,4,4,4,4,4,4
bigfive,India,opencharacter,235,3,3,4,2,3,5,3,4,4,4,4,4,4,4,3,4,4,3,4,4,3,4,5,4,4,5,3,4,4,3,4,4,4,4,4,4,4,5,4,4,4,3,4,2,4,4,4,4,4,4
bigfive,India,opencharacter,236,3,2,4,3,4,4,3,4,4,4,4,4,4,4,4,4,4,3,4,4,4,5,5,4,4,5,3,4,4,4,4,2,4,4,4,4,4,5,4,4,4,4,4,2,4,5,4,4,4,4
bigfive,India,opencharacter,237,3,4,4,3,4,5,4,4,4,4,4,4,4,4,4,4,4,4,4,4,4,5,5,4,4,5,3,4,4,4,4,2,4,4,4,4,5,5,4,4,4,4,4,2,4,4,4,4,4,4
bigfive,India,opencharacter,238,3,2,4,4,4,4,4,4,4,4,4,4,4,4,4,4,4,3,4,4,4,4,5,4,4,5,4,4,4,4,4,2,4,4,4,4,4,5,4,4,4,4,4,2,4,4,4,4,4,4
bigfive,India,opencharacter,239,3,4,4,5,4,5,3,4,4,4,3,4,4,4,4,4,4,4,4,4,4,5,5,5,4,5,3,4,4,4,4,2,4,3,3,4,5,5,4,4,4,4,3,2,4,5,4,3,5,4
bigfive,India,opencharacter,240,3,3,4,2,4,4,3,4,4,4,3,4,4,4,4,4,4,3,3,3,3,5,5,4,4,5,3,4,4,4,4,2,4,3,3,4,5,3,4,4,4,4,4,2,4,5,4,3,4,3
bigfive,India,opencharacter,241,3,3,4,4,4,5,4,4,5,4,4,4,4,4,3,4,4,3,4,4,4,5,5,4,4,5,3,4,4,4,4,2,4,4,4,4,5,5,4,4,4,4,4,2,4,5,5,4,4,4
bigfive,India,opencharacter,242,3,4,4,4,4,4,3,4,4,4,4,4,4,4,4,4,4,4,4,4,5,5,5,4,4,5,3,4,4,4,4,2,4,4,4,4,4,5,4,5,4,4,4,2,4,4,4,3,4,4
bigfive,India,opencharacter,243,3,2,4,3,4,5,3,4,4,4,4,4,4,4,4,4,4,3,4,4,3,5,5,4,4,5,3,4,4,4,4,4,4,4,4,4,5,5,4,4,4,4,4,2,4,5,4,3,4,4
bigfive,India,opencharacter,244,3,4,4,5,4,5,3,4,4,4,4,4,4,4,4,3,4,3,4,4,3,5,5,5,4,5,4,4,4,4,4,2,4,3,4,4,5,5,4,3,4,4,4,2,4,5,4,4,4,4
bigfive,India,opencharacter,245,3,4,4,3,4,4,3,4,4,4,4,4,4,4,4,4,3,4,4,4,4,5,5,4,4,4,3,4,4,4,4,2,4,4,4,4,4,5,4,4,4,4,4,2,4,4,5,4,4,4
bigfive,India,opencharacter,246,3,3,4,3,4,4,4,4,4,3,4,4,4,4,4,4,4,3,4,4,3,5,5,4,4,5,3,4,4,4,4,3,4,3,4,3,4,5,4,4,4,4,4,2,4,4,4,3,4,4
bigfive,India,opencharacter,247,3,2,4,2,4,4,3,4,4,4,4,4,4,4,4,4,4,3,4,4,5,4,5,4,4,4,3,4,4,4,4,2,4,4,4,4,5,5,4,4,4,4,4,2,4,4,4,4,4,4
bigfive,India,opencharacter,248,3,4,4,4,4,4,4,4,4,4,4,4,4,4,4,4,4,4,4,4,3,4,5,4,4,5,3,4,4,4,4,3,4,4,4,4,4,5,4,4,4,4,4,2,4,5,4,4,4,4
bigfive,India,opencharacter,249,3,4,4,2,4,4,3,4,4,4,4,4,4,4,4,3,4,3,4,3,4,5,5,4,4,5,3,4,4,4,4,3,4,4,4,4,4,5,4,4,3,4,4,3,4,5,4,4,4,4
bigfive,India,opencharacter,250,3,4,4,2,4,5,3,4,4,3,4,4,4,4,4,4,4,3,4,4,4,5,5,4,4,5,4,4,4,4,4,4,4,4,4,4,4,5,4,4,4,4,4,2,4,4,4,4,4,4
bigfive,India,opencharacter,251,3,4,4,2,4,5,3,4,4,4,4,4,4,4,4,4,4,3,4,4,4,4,5,4,4,5,4,4,4,4,4,2,4,3,4,3,4,5,4,4,4,4,4,2,4,4,4,4,4,4
bigfive,India,opencharacter,252,3,4,4,4,4,4,3,4,4,4,4,4,4,4,4,4,3,4,4,4,4,5,5,5,4,5,3,4,4,4,4,2,4,4,4,4,4,5,4,4,4,4,4,2,4,4,4,4,4,4
bigfive,India,opencharacter,253,3,4,4,4,4,5,4,4,4,4,4,4,4,4,4,4,4,4,4,4,4,4,5,4,4,5,3,4,4,4,4,4,4,4,4,4,5,5,4,4,4,4,4,2,4,4,4,4,4,4
bigfive,India,opencharacter,254,3,4,4,1,4,4,3,3,4,4,4,4,4,4,4,4,4,4,4,4,3,4,5,4,2,4,2,4,4,4,3,2,4,3,3,3,4,5,4,4,4,4,4,2,4,4,4,3,4,3
bigfive,India,opencharacter,255,3,4,4,2,4,5,4,4,4,3,3,4,4,4,4,4,4,4,4,4,4,5,5,5,4,5,3,4,4,4,4,4,4,4,3,4,4,5,4,4,4,4,4,2,4,5,4,4,5,4
bigfive,India,opencharacter,256,3,4,4,2,4,5,4,4,4,4,4,4,4,4,4,4,4,4,4,4,4,4,5,4,4,4,4,4,4,4,4,4,4,4,4,4,4,5,4,4,4,4,4,2,4,4,4,4,4,4
bigfive,India,opencharacter,257,3,3,4,1,4,4,3,4,4,3,4,4,4,4,4,3,4,4,3,4,4,5,5,4,4,5,3,4,4,4,4,2,4,3,4,4,5,5,4,4,3,4,4,2,4,4,4,4,4,3
bigfive,India,opencharacter,258,3,4,4,3,3,5,3,4,4,4,4,4,4,4,3,4,4,3,4,3,4,4,5,4,4,5,3,4,4,4,4,4,4,3,4,4,4,5,4,4,4,4,4,2,4,4,3,4,4,4
bigfive,India,opencharacter,259,3,3,4,2,4,4,3,4,4,4,4,4,4,4,4,3,3,3,4,3,4,4,5,4,4,5,3,4,4,4,4,3,4,3,4,4,4,5,4,4,3,4,4,2,4,4,4,4,4,4
bigfive,India,opencharacter,260,3,4,4,2,4,5,3,4,3,4,4,4,4,4,4,4,4,4,4,4,3,5,5,5,4,5,3,4,4,4,4,3,4,4,4,4,4,5,4,4,4,4,4,2,4,5,4,3,4,4
bigfive,India,opencharacter,261,3,3,4,2,4,4,3,4,4,4,4,4,4,4,4,4,4,4,4,4,4,4,5,4,4,5,3,4,4,4,4,4,4,4,3,4,4,5,4,4,4,4,4,2,4,4,4,4,4,3
bigfive,India,opencharacter,262,3,4,4,2,4,4,3,4,4,4,4,4,4,4,4,4,4,4,4,4,3,4,5,4,4,4,3,4,4,4,4,2,4,3,4,4,4,5,4,4,3,4,4,2,4,4,4,4,4,4
bigfive,India,opencharacter,263,3,4,4,4,3,4,3,4,4,4,4,4,4,4,4,3,3,4,4,4,5,4,5,4,4,4,3,4,4,4,4,4,4,3,4,4,4,5,4,4,3,4,4,2,4,5,4,4,4,3
bigfive,India,opencharacter,264,3,3,4,2,4,4,4,4,4,4,4,4,4,4,4,4,4,4,4,4,4,4,5,4,4,5,3,4,4,4,4,4,4,4,4,4,5,5,4,4,4,4,4,2,4,4,4,4,4,4
bigfive,India,opencharacter,265,3,3,4,4,4,5,4,4,4,4,4,4,4,4,4,4,4,3,4,4,4,5,5,4,4,5,3,4,4,4,4,4,4,3,4,4,4,5,4,4,4,4,4,2,4,4,4,4,4,4
bigfive,India,opencharacter,266,3,4,4,4,4,5,4,4,4,4,4,4,4,4,4,4,4,4,4,4,4,5,5,5,4,5,3,4,4,4,3,4,4,4,4,4,4,5,4,4,4,4,4,2,3,4,4,4,4,4
bigfive,India,opencharacter,267,3,4,4,3,4,5,3,4,4,4,3,4,4,4,4,3,4,3,4,4,5,4,5,4,4,5,3,4,4,4,4,2,4,4,4,3,4,5,4,4,4,4,4,2,4,5,4,4,4,4
bigfive,India,opencharacter,268,3,3,4,4,4,5,3,4,4,4,4,3,4,4,4,4,4,4,4,3,3,4,5,4,4,5,3,4,4,4,4,2,4,4,3,4,4,5,4,4,4,4,4,2,4,4,4,4,4,4
bigfive,India,opencharacter,269,3,4,4,5,4,5,3,4,4,4,3,4,4,4,4,4,4,4,4,4,3,5,5,4,4,5,3,4,4,4,4,4,4,4,3,4,5,5,4,4,4,4,4,2,4,4,4,4,4,4
bigfive,India,opencharacter,270,3,2,4,2,4,5,3,4,4,4,3,4,4,4,4,4,4,3,4,4,3,5,5,4,4,5,3,4,4,4,4,2,4,4,4,4,4,5,4,4,4,4,4,2,4,4,4,4,4,4
bigfive,India,opencharacter,271,3,4,4,4,4,5,3,4,4,4,4,4,4,4,4,4,4,4,4,4,4,4,5,4,4,4,3,4,4,4,4,4,4,4,4,4,4,5,4,4,4,4,4,2,4,4,4,4,4,4
bigfive,India,opencharacter,272,3,4,4,2,4,4,3,4,4,4,4,4,4,4,4,4,4,4,4,4,3,4,5,4,4,5,4,4,4,4,4,3,4,4,4,3,4,5,4,4,4,4,4,2,4,4,4,4,4,4
bigfive,India,opencharacter,273,3,4,4,2,4,5,4,4,4,4,4,4,4,4,4,4,4,4,4,4,4,4,5,4,4,5,3,4,4,4,4,4,4,4,4,4,4,5,4,4,4,4,4,2,4,4,4,4,4,4
bigfive,India,opencharacter,274,3,4,4,3,4,5,4,4,4,4,4,4,4,4,4,4,4,4,4,4,4,5,5,4,4,5,3,4,4,4,4,2,4,4,4,4,4,3,4,4,4,4,4,2,4,4,4,4,4,4
bigfive,India,opencharacter,275,3,4,4,4,4,4,4,4,4,4,4,4,4,4,4,4,4,4,4,4,3,4,5,4,4,5,4,4,4,4,3,4,4,4,3,3,4,5,4,4,4,4,4,2,4,5,4,4,4,4
bigfive,India,opencharacter,276,3,3,4,2,4,5,3,4,4,4,3,4,4,4,4,4,4,4,4,4,3,4,5,4,4,5,3,4,4,4,4,2,4,4,4,4,4,5,4,4,4,4,4,2,4,5,4,4,4,4
bigfive,India,opencharacter,277,3,3,4,5,4,4,3,4,4,4,4,4,4,4,4,4,4,4,4,4,3,5,5,4,4,5,3,4,4,4,4,3,4,4,4,4,4,5,4,4,4,4,4,2,4,5,5,4,4,4
bigfive,India,opencharacter,278,3,4,5,2,4,5,4,4,4,4,4,4,4,4,4,4,4,3,4,4,3,5,5,5,4,5,3,5,4,4,4,2,4,4,4,3,4,5,4,5,4,4,4,2,4,4,4,4,4,4
bigfive,India,opencharacter,279,3,4,4,4,4,5,4,4,4,4,4,4,4,4,4,4,4,4,4,4,4,5,5,4,4,5,4,4,4,4,4,4,4,4,4,4,4,3,4,4,4,4,4,2,4,5,4,4,4,4
bigfive,India,opencharacter,280,3,4,4,3,4,5,3,3,4,4,4,4,4,4,4,4,4,4,4,4,5,5,5,4,4,5,3,4,4,4,4,2,4,4,3,4,4,5,4,4,4,4,4,2,4,5,4,3,4,4
bigfive,India,opencharacter,281,3,2,4,4,4,5,4,4,4,4,4,4,4,4,3,4,4,4,4,4,4,5,5,4,4,5,3,4,4,4,4,2,4,4,4,4,4,5,4,4,4,4,4,2,4,4,4,4,4,4
bigfive,India,opencharacter,282,3,3,4,1,4,5,3,4,4,4,4,4,4,4,4,4,3,4,4,4,3,5,5,5,4,5,4,4,4,4,4,2,4,4,4,4,4,5,4,4,4,4,4,2,4,4,3,4,4,4
bigfive,India,opencharacter,283,3,3,4,2,4,4,3,4,4,4,4,4,4,4,4,4,4,3,4,4,3,5,5,5,4,5,3,4,4,4,4,2,4,3,4,3,4,5,4,4,4,4,4,2,4,4,4,4,4,4
bigfive,India,opencharacter,284,3,4,4,4,4,4,3,4,4,4,4,4,4,4,4,3,4,3,4,4,3,5,5,4,4,5,3,4,4,4,4,2,4,4,4,4,5,5,4,4,3,4,4,2,4,4,4,4,4,4
bigfive,India,opencharacter,285,3,4,4,2,4,5,3,4,4,4,4,4,4,4,4,4,4,3,4,4,5,5,5,5,4,5,3,4,4,4,4,3,4,4,4,3,4,5,4,4,4,4,4,2,4,5,4,4,5,4
bigfive,India,opencharacter,286,3,3,4,2,4,5,3,4,4,4,4,4,4,4,4,4,4,3,4,4,3,5,5,4,4,5,3,4,4,4,4,2,4,4,4,4,4,5,4,4,4,4,4,2,4,5,4,4,4,4
bigfive,India,opencharacter,287,3,3,4,2,4,5,3,4,4,4,4,4,4,4,4,3,4,3,4,4,3,4,5,4,4,5,3,4,4,4,4,2,4,4,4,4,4,5,4,4,3,4,4,2,4,4,4,3,4,4
bigfive,India,opencharacter,288,3,4,4,2,4,5,3,4,4,3,4,4,4,4,4,4,4,3,4,4,4,5,5,4,4,5,3,4,4,4,4,4,4,4,4,4,4,5,4,4,4,4,4,2,4,4,4,4,4,4
bigfive,India,opencharacter,289,3,4,4,3,4,5,4,4,5,4,4,4,4,4,4,4,4,4,4,4,4,5,5,4,4,5,3,4,4,4,4,4,4,4,4,4,4,5,4,4,4,4,4,2,4,5,4,4,4,4
bigfive,India,opencharacter,290,3,4,4,2,4,5,4,4,4,4,4,4,4,4,4,4,4,3,4,4,3,4,5,4,4,5,3,4,4,4,4,4,4,4,3,4,4,5,4,4,4,4,4,2,4,4,5,4,4,4
bigfive,India,opencharacter,291,3,3,4,4,4,4,3,4,4,4,4,4,4,4,4,4,4,3,4,4,4,4,5,4,4,5,3,4,4,3,4,2,4,4,4,4,4,5,4,4,4,4,4,2,4,5,4,4,4,4
bigfive,India,opencharacter,292,3,3,4,2,4,4,3,4,4,4,4,4,4,4,4,4,4,4,4,4,4,4,5,4,4,4,3,4,4,4,4,2,4,3,4,4,4,5,4,4,3,4,4,2,4,4,4,4,4,4
bigfive,India,opencharacter,293,3,4,4,3,4,5,4,4,4,4,4,4,4,4,4,4,3,4,4,4,3,5,5,4,4,5,3,4,4,4,4,2,4,4,4,4,4,5,4,4,4,4,4,2,4,4,4,4,4,4
bigfive,India,opencharacter,294,3,2,4,1,4,4,3,4,4,4,4,4,4,4,4,4,4,3,4,4,3,5,5,5,4,5,3,4,4,4,4,2,4,4,4,4,4,5,4,4,4,4,4,2,4,4,3,4,4,4
bigfive,India,opencharacter,295,3,2,4,2,3,5,3,3,4,4,4,4,4,4,4,4,4,4,4,4,3,5,5,4,4,5,3,4,4,4,3,2,4,3,3,4,4,5,4,4,4,4,4,2,4,5,4,4,4,4
bigfive,India,opencharacter,296,3,4,4,2,4,4,3,5,4,4,4,4,4,4,4,4,4,4,4,4,4,5,5,5,4,5,3,4,4,4,4,4,4,4,4,4,4,5,4,4,4,4,4,2,4,4,4,4,4,4
bigfive,India,opencharacter,297,3,4,4,3,3,5,3,4,3,4,4,4,4,4,4,4,4,4,4,4,4,4,5,4,4,5,3,4,4,4,4,4,4,4,4,4,4,5,4,4,4,4,4,2,4,4,4,4,4,4
bigfive,India,opencharacter,298,3,4,4,2,4,4,4,4,4,4,4,4,4,4,4,4,4,4,4,4,4,5,5,4,4,5,4,4,4,4,4,4,4,4,4,4,4,5,4,4,4,4,4,2,4,4,4,4,4,4
bigfive,India,opencharacter,299,3,4,4,2,4,4,3,4,4,3,4,4,4,4,4,4,4,3,4,4,4,4,5,4,4,5,4,4,4,4,4,2,4,3,4,4,4,5,4,4,4,4,4,2,4,4,4,4,4,4
